name,address,lat,lon,Website,Google Categories,Place ID,Status,profile_url,osm_id,fclass,county,COUNTYFP,house_number,street,city,zipcode,full_address,Unnamed: 0,latitude,longitude,oid,geoid,state,farm_id,farm_name,street_address,zip_code,latitude ,date_collected,website,geometry,index_right,MTFCC,OID,GEOID,STATE,COUNTY,COUNTYNS,BASENAME,NAME,LSADC,FUNCSTAT,COUNTYCC,AREALAND,AREAWATER,OBJECTID,CENTLAT,CENTLON,INTPTLAT,INTPTLON
Urban Roots East Austin Farm,"7651 Delwau Ln, Austin, TX 78725, USA",30.2628748,-97.6642254,http://www.urbanrootsatx.org/,"establishment, point_of_interest",ChIJa3zq91m2RIYRiQcwrsMaZVM,Pending Review,,,,,,,,,,,,,,,,,,,,,,,,,,,,,,,,,,,,,,,,,,,
Urban Roots,"4900 Gonzales St, Austin, TX 78702, USA",30.2555353,-97.6966852,https://urbanrootsatx.org/,"establishment, point_of_interest",ChIJYf1cEui1RIYR2etPZTEqy0c,Pending Review,,,,,,,,,,,,,,,,,,,,,,,,,,,,,,,,,,,,,,,,,,,
HausBar Urban Farm,"3300 Govalle Ave, Austin, TX 78702, USA",30.2657903,-97.7009204,http://hausbarurbanfarm.com/,"establishment, point_of_interest",ChIJURTtlte1RIYRj_0fhij0FnY,Pending Review,,,,,,,,,,,,,,,,,,,,,,,,,,,,,,,,,,,,,,,,,,,
Urban Roots South Austin Farm,"4711 Winnebago Ln, Austin, TX 78744, USA",30.2073362,-97.7351174,https://urbanrootsatx.org/,"establishment, point_of_interest",ChIJ7dpUWwCzRIYR_8ya8brOPG0,Pending Review,,,,,,,,,,,,,,,,,,,,,,,,,,,,,,,,,,,,,,,,,,,
Historic Boggy Creek Farm,"3414 Lyons Rd, Austin, TX 78702, USA",30.2619693,-97.7015719,http://www.boggycreekfarm.com/,"establishment, lodging, point_of_interest",ChIJR9PUita1RIYR1FlipeiVMdU,Pending Review,,,,,,,,,,,,,,,,,,,,,,,,,,,,,,,,,,,,,,,,,,,
Boggy Creek Farm Stand / Market,"3414 Lyons Rd, Austin, TX 78702, USA",30.2624608,-97.7011749,https://www.boggycreekfarm.com/,"establishment, point_of_interest",ChIJC1TcmIe1RIYRkmOF6vhz-Eg,Pending Review,,,,,,,,,,,,,,,,,,,,,,,,,,,,,,,,,,,,,,,,,,,
Rail Lily Farm,"Highlights info row image, 914 Shady Ln, Austin, TX 78702, USA",30.257758,-97.6951094,https://www.facebook.com/rainlilyfarm,"establishment, point_of_interest, school",ChIJoei7CE-3RIYRqIWLbXYQCP8,Pending Review,,,,,,,,,,,,,,,,,,,,,,,,,,,,,,,,,,,,,,,,,,,
Green Gate Farms,"8310 Canoga Ave, Austin, TX 78724, USA",30.2854601,-97.6348087,https://greengatefarms.net/,"establishment, food, point_of_interest, store",ChIJCaFZ_SC3RIYRO80x3-ZLGTY,Pending Review,,,,,,,,,,,,,,,,,,,,,,,,,,,,,,,,,,,,,,,,,,,
PEAS Community Farm & Urban Orchard,"2200 Berkeley Ave, Austin, TX 78745, USA",30.2105474,-97.8052063,https://www.peascommunity.org/peasfarm.html,"establishment, point_of_interest",ChIJjcMuwV1LW4YRPzloyzPWwGA,Pending Review,,,,,,,,,,,,,,,,,,,,,,,,,,,,,,,,,,,,,,,,,,,
Texas Farmers' Market at Mueller,"2006 Philomena St, Austin, TX 78723, USA",30.300283,-97.7034632,http://texasfarmersmarket.org/mueller/,"establishment, point_of_interest",ChIJUfiJvfm1RIYR18aDhOnca8s,Pending Review,,,,,,,,,,,,,,,,,,,,,,,,,,,,,,,,,,,,,,,,,,,
812 Outdoor Market,"8714 FM812, Austin, TX 78719, USA",30.163401,-97.6909279,http://812market.com/,"establishment, food, grocery_or_supermarket, point_of_interest, store",ChIJWyMif4KxRIYRl_xVmHDjdow,Pending Review,,,,,,,,,,,,,,,,,,,,,,,,,,,,,,,,,,,,,,,,,,,
Arboretum Market,"9722 Great Hills Trl, Austin, TX 78759, USA",30.3948161,-97.750252,http://www.barshop-oles.com/,"establishment, health, point_of_interest, shopping_mall",ChIJe01TXIPMRIYR4axQammqcyc,Pending Review,,,,,,,,,,,,,,,,,,,,,,,,,,,,,,,,,,,,,,,,,,,
Bee Cave Farmers Market,"12700 Hill Country Blvd, Bee Cave, TX 78738, USA",30.3094692,-97.9393522,http://www.beecavefarmersmarket.com/,"establishment, point_of_interest",ChIJk71kGYA3W4YRGgq9rDrPSsA,Pending Review,,,,,,,,,,,,,,,,,,,,,,,,,,,,,,,,,,,,,,,,,,,
The Great Outdoors,"2730 S Congress Ave, Austin, TX 78704, USA",30.234589,-97.7575817,http://gonursery.com/,"establishment, food, general_contractor, point_of_interest, store",ChIJHSJgG-y0RIYRgqp6yHvM59c,Pending Review,,,,,,,,,,,,,,,,,,,,,,,,,,,,,,,,,,,,,,,,,,,
Barton Creek Farmers Market,"2901 S Capital of Texas Hwy, Austin, TX 78746, USA",30.258407,-97.8032969,http://www.bartoncreekfarmersmarket.org/,"establishment, point_of_interest",ChIJX5dfZuq0RIYRlqXFFuzJagQ,Pending Review,,,,,,,,,,,,,,,,,,,,,,,,,,,,,,,,,,,,,,,,,,,
Local Pastures,"1301 W Oltorf St, Austin, TX 78704, USA",30.245284,-97.7685148,https://www.localpastures.farm/,"establishment, food, grocery_or_supermarket, point_of_interest, store",ChIJxwaJ9C-1RIYRBejhWdxm9Fg,Pending Review,,,,,,,,,,,,,,,,,,,,,,,,,,,,,,,,,,,,,,,,,,,
Middle Ground Farm,"186 Howard Ln, Bastrop, TX 78602, USA",30.1737912,-97.4223842,http://middleground-farm.com/,"establishment, point_of_interest",ChIJH8rGkN-XRIYRKGs_pJqr75E,Pending Review,,,,,,,,,,,,,,,,,,,,,,,,,,,,,,,,,,,,,,,,,,,
Fair Market,"1100 E 5th St., Austin, TX 78702, USA",30.2638889,-97.7316667,http://fairmarketaustin.com/,"establishment, point_of_interest",ChIJTZAt76-1RIYRJvqAuOVIpzE,Pending Review,,,,,,,,,,,,,,,,,,,,,,,,,,,,,,,,,,,,,,,,,,,
Gray Fox Market Garden,"10802 Kit Carson Dr, Austin, TX 78737, USA",30.20334579999999,-97.9572447,Not listed,"establishment, point_of_interest",ChIJDXwqTqhIW4YRnJQKrS7jEaU,Pending Review,,,,,,,,,,,,,,,,,,,,,,,,,,,,,,,,,,,,,,,,,,,
Tillery Street Plant Co.,"914 Shady Ln, Austin, TX 78702, USA",30.2577044,-97.6950607,https://www.tillerystreetplants.com/,"establishment, point_of_interest, store",ChIJXz0D5NO1RIYRgfFglmGRmwM,Pending Review,,,,,,,,,,,,,,,,,,,,,,,,,,,,,,,,,,,,,,,,,,,
Sour Duck Market,"1814 E Martin Luther King Jr Blvd, Austin, TX 78702, USA",30.2798806,-97.7215815,http://sourduckmarket.com/,"establishment, food, point_of_interest, restaurant",ChIJAR7m4ZS1RIYRHB6RITAk13A,Pending Review,,,,,,,,,,,,,,,,,,,,,,,,,,,,,,,,,,,,,,,,,,,
SFC Farmers' Market Downtown,"422 Guadalupe St, Austin, TX 78701, USA",30.2673262,-97.7475644,https://sustainablefoodcenter.org/farmers-market/downtown,"establishment, point_of_interest",ChIJXfgdb2XKRIYR2KnmjxmbhQY,Pending Review,,,,,,,,,,,,,,,,,,,,,,,,,,,,,,,,,,,,,,,,,,,
Plant Party,"979 Springdale Rd #114A, Austin, TX 78702, USA",30.2637871,-97.6961144,http://www.plantparty.co/,"establishment, point_of_interest, store",ChIJnSEfPPu0RIYR_bU-bx2SbZo,Pending Review,,,,,,,,,,,,,,,,,,,,,,,,,,,,,,,,,,,,,,,,,,,
The Arboretum,"10000 Research Blvd, Austin, TX 78759, USA",30.3920231,-97.7485456,https://thearboretum.com/,"establishment, point_of_interest, shopping_mall",ChIJxbeDlIDLRIYROilERP-iesw,Pending Review,,,,,,,,,,,,,,,,,,,,,,,,,,,,,,,,,,,,,,,,,,,
Paul Quinn Farmers Market,"3837 Simpson Stuart Rd, Dallas, TX 75241, USA",32.6789702,-96.7558858,https://paulquinn.edu/we-me-farm/,"establishment, point_of_interest",ChIJ46B6P9GXToYRSvg_O9nUL6U,Pending Review,,,,,,,,,,,,,,,,,,,,,,,,,,,,,,,,,,,,,,,,,,,
Cosmic Pickle,"121 Pickle Rd, Austin, TX 78704, USA",30.226957,-97.7624945,https://www.cosmichospitalitygroup.com/,"bar, cafe, establishment, food, point_of_interest, restaurant, store",ChIJA7CVXZW0RIYRVSZIlvlwJbA,Pending Review,,,,,,,,,,,,,,,,,,,,,,,,,,,,,,,,,,,,,,,,,,,
Joe's Microgreens,"7206 Shelton Rd, Austin, TX 78725, USA",30.2615889,-97.6661205,http://joesmicrogreens.com/,"establishment, point_of_interest",ChIJYSlW6Vm2RIYRLBDVPjq8yMY,Pending Review,,,,,,,,,,,,,,,,,,,,,,,,,,,,,,,,,,,,,,,,,,,
Bella Verde Farms,"Dripping Springs, TX 78620, USA",30.2050637,-98.197227,Not listed,"establishment, point_of_interest",ChIJE8uoqb9rW4YRadHUTAzaZ-Q,Pending Review,,,,,,,,,,,,,,,,,,,,,,,,,,,,,,,,,,,,,,,,,,,
Collins Hydroponic Farm,"943 County Rd 3365, Kempner, TX 76539, USA",31.13334279999999,-98.0004365,Not listed,"establishment, point_of_interest",ChIJId2ZiP-7WoYROCVcmf0XKvU,Pending Review,,,,,,,,,,,,,,,,,,,,,,,,,,,,,,,,,,,,,,,,,,,
Agua Dulce Austin,"5015 Maufrais Ln, Austin, TX 78744, USA",30.199026,-97.736973,Not listed,"establishment, point_of_interest",ChIJYa_bnIOzRIYR_1sR3bssC1Q,Pending Review,,,,,,,,,,,,,,,,,,,,,,,,,,,,,,,,,,,,,,,,,,,
Crisp Farms,"427 Easley Rd, Smithville, TX 78957, USA",29.9666989,-97.2781819,http://www.crispfarms.com/,"establishment, point_of_interest",ChIJNR1A-FqdRIYRJqO3MCTvvTE,Pending Review,,,,,,,,,,,,,,,,,,,,,,,,,,,,,,,,,,,,,,,,,,,
"TrueHarvest Farms, LLC","111 Trueharvest Wy, Belton, TX 76513, USA",31.0846205,-97.4877426,http://www.trueharvestfarms.com/,"establishment, point_of_interest",ChIJuYR_129BRYYRrPxBTyPIOQo,Pending Review,,,,,,,,,,,,,,,,,,,,,,,,,,,,,,,,,,,,,,,,,,,
"Brite Ideas - Aquaponics, Hydroponics & Organics","130 Ralph Ablanedo Dr Bldg 1, Austin, TX 78748, USA",30.174123,-97.7875115,http://bihydro.com/,"establishment, food, point_of_interest, store",ChIJM0opnb20RIYR15OxVnP8-0Y,Pending Review,,,,,,,,,,,,,,,,,,,,,,,,,,,,,,,,,,,,,,,,,,,
"Brite Ideas Aquaponics, Hydroponics & Organics","14611 Burnet Rd ste 110, Austin, TX 78728, USA",30.4505799,-97.694337,https://www.bihydro.com/,"establishment, point_of_interest, store",ChIJLbTRe6vLRIYRCzWSdVDTDSs,Pending Review,,,,,,,,,,,,,,,,,,,,,,,,,,,,,,,,,,,,,,,,,,,
"Texas Green Star, LLC","4122 Cowling Rd, Sanger, TX 76266, USA",33.3213005,-97.1735839,http://www.texasgreenstar.com/,"establishment, point_of_interest",ChIJJV98t2-zTYYRu1SyCH40mD4,Pending Review,,,,,,,,,,,,,,,,,,,,,,,,,,,,,,,,,,,,,,,,,,,
Abundant Harvest Hydroponics & Organics,"3101 Avenue E, Arlington, TX 76011, USA",32.7571817,-97.0521129,http://www.abhydro.com/,"establishment, point_of_interest, store",ChIJJ-LSKgOHToYRsyQ6k9vLiLE,Pending Review,,,,,,,,,,,,,,,,,,,,,,,,,,,,,,,,,,,,,,,,,,,
Hort Americas - Wholesale Hydroponic Farming Supply Company in Dallas,"2801 Renee St, Bedford, TX 76021, USA",32.851105,-97.100908,http://hortamericas.com/,"establishment, food, point_of_interest",ChIJ1Qx59tx_ToYR4gLp_420YQM,Pending Review,,,,,,,,,,,,,,,,,,,,,,,,,,,,,,,,,,,,,,,,,,,
Moonflower Farms & Technology Center,"3805 Fuqua St, Houston, TX 77047, USA",29.6127128,-95.3609035,http://www.moonflowerfarms.com/,"establishment, point_of_interest",ChIJbel5SZaVQIYRhMsTq6NHN-U,Pending Review,,,,,,,,,,,,,,,,,,,,,,,,,,,,,,,,,,,,,,,,,,,
Aquatic Greens Farm...will soon become Grow On at AG Farm,"2861 FM974, Bryan, TX 77808, USA",30.7149892,-96.3691415,https://www.growonatagfarm.com/,"establishment, point_of_interest",ChIJvwtGal6ARoYRjRkka9hQ5qk,Pending Review,,,,,,,,,,,,,,,,,,,,,,,,,,,,,,,,,,,,,,,,,,,
Aquaflora on Evelyn,"7108 Evelyn Rd, Austin, TX 78747, USA",30.0832166,-97.701344,https://www.aquafloraonevelyn.com/,"establishment, point_of_interest",ChIJ_-C1IACtRIYRwEMzjlvb6I4,Pending Review,,,,,,,,,,,,,,,,,,,,,,,,,,,,,,,,,,,,,,,,,,,
Vertical Growing Systems LLC,"4517 Colorado Crossing, Austin, TX 78731, USA",30.3399376,-97.7783963,https://www.vertgrows.com/,"establishment, food, point_of_interest",ChIJYUQmXtbKRIYR-8ZBb9TNLLg,Pending Review,,,,,,,,,,,,,,,,,,,,,,,,,,,,,,,,,,,,,,,,,,,
Native Roots Farm,"5199-5109 Pony Chase, Austin, TX 78727, USA",30.4222978,-97.7365351,http://nativerootsfarm.com/,"establishment, point_of_interest",ChIJR2BFf1nMRIYRmuYcFUcCoKY,Pending Review,,,,,,,,,,,,,,,,,,,,,,,,,,,,,,,,,,,,,,,,,,,
BFF Agriculture,"6700 Co Rd 239, Terrell, TX 75160, USA",32.7621535,-96.3587934,http://breedenfreshfarms.com/,"establishment, point_of_interest",ChIJ302REfhTSYYRMPKOEOwZO7Y,Pending Review,,,,,,,,,,,,,,,,,,,,,,,,,,,,,,,,,,,,,,,,,,,
BV Hydroseeding & Hydromulching,"2021 Guadalupe St, Austin, TX 78705, USA",30.2832127,-97.7417517,http://bvhydroseeding.com/,"establishment, food, point_of_interest",ChIJOauauKu1RIYRKDDTZCLGmsA,Pending Review,,,,,,,,,,,,,,,,,,,,,,,,,,,,,,,,,,,,,,,,,,,
ATX GROWERS,"13033 Farm to Market Rd 2769 H, Austin, TX 78726, USA",30.4518207,-97.8500636,http://atxgrowers.com/,"establishment, point_of_interest",ChIJ013aVgAzW4YR3UwJhscvgeo,Pending Review,,,,,,,,,,,,,,,,,,,,,,,,,,,,,,,,,,,,,,,,,,,
UT Microfarm,"215 W 51st St, Austin, TX 78751, USA",30.3146537,-97.7259401,https://utenvironment.org/projects/microfarm/,"establishment, point_of_interest",ChIJz0xU9JO1RIYRb8OHZ3_VHq8,Pending Review,,,,,,,,,,,,,,,,,,,,,,,,,,,,,,,,,,,,,,,,,,,
Free Farming Aquaponics,"4155 Box Ranch Rd, Bruceville, TX 76630, USA",31.359985,-97.255024,http://freefarmingaquaponics.com/,"establishment, point_of_interest",ChIJZSvENbt9RYYRqm1mefYUiFE,Pending Review,,,,,,,,,,,,,,,,,,,,,,,,,,,,,,,,,,,,,,,,,,,
Vivero Growers Nursery,"12000 US-290, Austin, TX 78737, USA",30.2120607,-97.967867,http://viverogrowers.com/,"establishment, food, general_contractor, point_of_interest, store",ChIJsYuXlxlGW4YRQ6O-cjJXjyA,Pending Review,,,,,,,,,,,,,,,,,,,,,,,,,,,,,,,,,,,,,,,,,,,
The Greenhouse at Driftwood,"850 Darden Hill Rd, Driftwood, TX 78619, USA",30.1512031,-98.0390548,https://www.thegreenhousedriftwood.com/,"establishment, point_of_interest",ChIJMQvnW3pEW4YR9q8zXsPDiKA,Pending Review,,,,,,,,,,,,,,,,,,,,,,,,,,,,,,,,,,,,,,,,,,,
OG Agave,"2105 Ranch Rd 620 N, Austin, TX 78734, USA",30.383972,-97.9423812,https://www.instagram.com/og_agavesplantparadise?igsh=M2tjb21qMXhjdzFr&utm_source=qr,"establishment, point_of_interest",ChIJu1WUtfwxW4YROgd6WvAGUEM,Pending Review,,,,,,,,,,,,,,,,,,,,,,,,,,,,,,,,,,,,,,,,,,,
The Natural Gardener,"8648 Old Bee Caves Rd, Austin, TX 78735, USA",30.257061,-97.8905333,http://tngaustin.com/,"establishment, point_of_interest, store",ChIJVf6BDZdJW4YRHzeXm7kRY34,Pending Review,,,,,,,,,,,,,,,,,,,,,,,,,,,,,,,,,,,,,,,,,,,
EDEN HOUSE BOTANICALS LLC,"9609b David Moore Dr, Austin, TX 78748, USA",30.1728817,-97.8153874,http://edenhousebotanicals.shop/,"establishment, point_of_interest",ChIJRcZmcsNNW4YRR4UVlGlmzIE,Pending Review,,,,,,,,,,,,,,,,,,,,,,,,,,,,,,,,,,,,,,,,,,,
Far South Wholesale Nursery,"3400 Buck Ln, Del Valle, TX 78617, USA",30.2019597,-97.5299094,https://www.farsouthwholesalenursery.com/,"establishment, point_of_interest, store",ChIJk7D35AFNW4YR_8YxzsBCYoM,Pending Review,,,,,,,,,,,,,,,,,,,,,,,,,,,,,,,,,,,,,,,,,,,
Biological Greenhouse (BOT),"205 W 24th St, Austin, TX 78705, USA",30.2872182,-97.7397666,https://facilitiesservices.utexas.edu/buildings/UTM/0097,"establishment, food, point_of_interest",ChIJJxc3N521RIYRrxfsAmRMqGo,Pending Review,,,,,,,,,,,,,,,,,,,,,,,,,,,,,,,,,,,,,,,,,,,
Biological Sciences Greenhouses (BGH),"103 W 24th St, Austin, TX 78705, USA",30.2870295,-97.7387104,https://facilitiesservices.utexas.edu/buildings/UTM/0100,"establishment, food, point_of_interest",ChIJc8a_15y1RIYRWUdH9eBiHkI,Pending Review,,,,,,,,,,,,,,,,,,,,,,,,,,,,,,,,,,,,,,,,,,,
Carnivero Carnivorous Plants & Rare Plant Nursery,"13029 Fitzhugh Rd, Austin, TX 78736, USA",30.2328331,-97.9964791,http://www.carnivero.com/,"establishment, point_of_interest",ChIJHZVYoBNLW4YRpTkaXxF8KTI,Pending Review,,,,,,,,,,,,,,,,,,,,,,,,,,,,,,,,,,,,,,,,,,,
Native Texas Nursery (Wholesale Only),"16019 Milo Rd, Austin, TX 78725, USA",30.223417,-97.561121,http://www.nativetx.com/,"establishment, point_of_interest",ChIJ25B_dXy5RIYRB4k4cndFKTk,Pending Review,,,,,,,,,,,,,,,,,,,,,,,,,,,,,,,,,,,,,,,,,,,
Barton Springs Nursery,"3601 Bee Caves Rd, Austin, TX 78746, USA",30.2775073,-97.8056296,http://www.bartonspringsnursery.com/,"establishment, point_of_interest, store",ChIJBYJ1db5KW4YRkcfb3z533ws,Pending Review,,,,,,,,,,,,,,,,,,,,,,,,,,,,,,,,,,,,,,,,,,,
Green Planet Scapes of Austin,"10807 N FM 620, Austin, TX 78726, USA",30.4477673,-97.830491,http://www.greenplanetscapes.com/,"establishment, general_contractor, point_of_interest, store",ChIJVVUBC07NRIYR1bpev4yM8NE,Pending Review,,,,,,,,,,,,,,,,,,,,,,,,,,,,,,,,,,,,,,,,,,,
Hill Country Water Gardens & Nursery,"1407 N Bell Blvd #7085, Cedar Park, TX 78613, USA",30.5261701,-97.8332462,http://www.hillcountrywatergardens.com/,"establishment, general_contractor, point_of_interest, store",ChIJpdJqcFQsW4YRdhE8FKk-odc,Pending Review,,,,,,,,,,,,,,,,,,,,,,,,,,,,,,,,,,,,,,,,,,,
Round Rock Garden Center,"901 Sam Bass Rd, Round Rock, TX 78681, USA",30.5166969,-97.6921626,http://www.roundrockgardens.com/,"establishment, point_of_interest, store",ChIJIU2qII_RRIYRR-UlwfStfZo,Pending Review,,,,,,,,,,,,,,,,,,,,,,,,,,,,,,,,,,,,,,,,,,,
East Austin Succulents,"7310 Sherwood Rd, Austin, TX 78745, USA",30.1923017,-97.7972407,https://eastaustinsucculents.com/,"establishment, point_of_interest",ChIJv4Bo0O5MW4YRcWo9q0EnksQ,Pending Review,,,,,,,,,,,,,,,,,,,,,,,,,,,,,,,,,,,,,,,,,,,
DFW Vertical Farms LLC ( LVLUP MICRO),"7800 Windrose Ave. #200, Plano, TX 75024, USA",33.083161,-96.8258615,https://www.lvlupmicro.com/,"establishment, point_of_interest",ChIJsfs-tcc9TIYRuXCcFbaLg1s,Pending Review,,,,,,,,,,,,,,,,,,,,,,,,,,,,,,,,,,,,,,,,,,,
Boterna Vertical Farms,"1512 I-35W Ste #108, Denton, TX 76207, USA",33.1985646,-97.1682651,http://www.boterna.com/,"establishment, point_of_interest",ChIJeQq1sarLTYYRjavIXeSiIk8,Pending Review,,,,,,,,,,,,,,,,,,,,,,,,,,,,,,,,,,,,,,,,,,,
Texas Vertical Farming,"116 Randy Rd, Waxahachie, TX 75165, USA",32.4774247,-96.8025513,Not listed,"establishment, point_of_interest",ChIJI4K3aqDrToYR9Pling03mQI,Pending Review,,,,,,,,,,,,,,,,,,,,,,,,,,,,,,,,,,,,,,,,,,,
Cypress Creek Farm,"13629 Farm to Market Rd 2769, Austin, TX 78726, USA",30.4409381,-97.8692465,https://www.miravalresorts.com/austin/experiences/farm-garden,"establishment, point_of_interest",ChIJX4N_h1kzW4YRhXwJFWXrP3o,Pending Review,,,,,,,,,,,,,,,,,,,,,,,,,,,,,,,,,,,,,,,,,,,
Sparkle Farm,"9444 Springdale Rd, Austin, TX 78754, USA",30.3384752,-97.6488032,http://thesparklefarm.com/,"establishment, lodging, point_of_interest",ChIJa8hbHVLIRIYROOHezaiPXcQ,Pending Review,,,,,,,,,,,,,,,,,,,,,,,,,,,,,,,,,,,,,,,,,,,
Village Farm Tiny Home community,"8316 Canoga Ave, Austin, TX 78724, USA",30.2843263,-97.6342562,https://villagefarmaustin.com/?utm_source=google&utm_medium=maps,"establishment, point_of_interest",ChIJKSqLIiO3RIYRowAacQzdjNo,Pending Review,,,,,,,,,,,,,,,,,,,,,,,,,,,,,,,,,,,,,,,,,,,
Hatcher Station Training Farm,"4500 Todd St, Dallas, TX 75210, USA",32.766178,-96.7441991,http://www.restorativefarms.org/,"establishment, point_of_interest",ChIJIUgpTvSjToYRBuHzeEgdWuw,Pending Review,,,,,,,,,,,,,,,,,,,,,,,,,,,,,,,,,,,,,,,,,,,
Sledd Nursery,"1211 W Lynn St, Austin, TX 78703, USA",30.2802837,-97.7587327,Not listed,"establishment, point_of_interest",ChIJUwvD42u1RIYRdCGYhTMmO3w,Pending Review,,,,,,,,,,,,,,,,,,,,,,,,,,,,,,,,,,,,,,,,,,,
A Full Eco Farm for Group Stays,"4018 Clawson Rd, Austin, TX 78704, USA",30.230811,-97.783031,Not listed,"establishment, lodging, point_of_interest",ChIJDc9cA8u0RIYR17q52K6QfWs,Pending Review,,,,,,,,,,,,,,,,,,,,,,,,,,,,,,,,,,,,,,,,,,,
Revol Greens TX,"9020 E Farm to Market Rd 436, Temple, TX 76501, USA",31.0095394,-97.3128954,http://www.revolgreens.com/,"establishment, point_of_interest",ChIJm3Ydw4gTRYYReph4pvwoZmE,Pending Review,,,,,,,,,,,,,,,,,,,,,,,,,,,,,,,,,,,,,,,,,,,
Vermillion Farms,"2050 Co Rd 453, Coupland, TX 78615, USA",30.4921499,-97.361912,http://vermillion-farms.com/,"establishment, point_of_interest",ChIJS5FZlxbpRIYRhfEU5s4dmrA,Pending Review,,,,,,,,,,,,,,,,,,,,,,,,,,,,,,,,,,,,,,,,,,,
"Mandalynn Farms, LLC","6222 FM 1105, Georgetown, TX 78626, USA",30.7457837,-97.5987363,http://mandalynnfarms.com/,"establishment, point_of_interest",ChIJbyhkooQnRYYRLx2bzJkvyXU,Pending Review,,,,,,,,,,,,,,,,,,,,,,,,,,,,,,,,,,,,,,,,,,,
Talise Microgreens LLC,"17811 Davenport Rd suite 52, Dallas, TX 75252, USA",32.9916954,-96.7947044,Not listed,"establishment, point_of_interest",ChIJG_SzingjTIYRtde756JMl9E,Pending Review,,,,,,,,,,,,,,,,,,,,,,,,,,,,,,,,,,,,,,,,,,,
Dan & Lou's! Fresh Microgreens,"1107 Omega Ave, Austin, TX 78721, USA",30.2680227,-97.6821118,http://www.eatfreshmicrogreens.com/,"establishment, point_of_interest",ChIJnVmD_MO3RIYRF6ZIp81Z5as,Pending Review,,,,,,,,,,,,,,,,,,,,,,,,,,,,,,,,,,,,,,,,,,,
Isle Acre Farms,"330 N Bear Creek Rd, Liberty Hill, TX 78642, USA",30.7372175,-97.9316437,https://isleacrefarms.com/,"establishment, point_of_interest",ChIJaxQzV-UrW4YRzEhDnvoSTGE,Pending Review,,,,,,,,,,,,,,,,,,,,,,,,,,,,,,,,,,,,,,,,,,,
Austin County Farm Fresh Microgreens,"270 Dogwood Acres Ln, Bellville, TX 77418, USA",30.0207591,-96.3127427,http://faithspokenhere.com/,"establishment, point_of_interest, store",ChIJ9S4Aj9WtRoYR83hLpYft-kw,Pending Review,,,,,,,,,,,,,,,,,,,,,,,,,,,,,,,,,,,,,,,,,,,
Verdivivo Microgreens,"9301 Old Bee Caves Rd, Austin, TX 78735, USA",30.2588356,-97.9018319,https://www.facebook.com/profile.php?id=61578240995258,"establishment, point_of_interest",ChIJS5dS0NRJW4YRYoGpA6FHlZs,Pending Review,,,,,,,,,,,,,,,,,,,,,,,,,,,,,,,,,,,,,,,,,,,
Fertile Foods,"680 Myers Creek Rd, Dripping Springs, TX 78620, USA",30.2730289,-98.1357375,https://linktr.ee/fertilefoods,"establishment, general_contractor, point_of_interest",ChIJkbLDTABrW4YRDAlexqxeE9Q,Pending Review,,,,,,,,,,,,,,,,,,,,,,,,,,,,,,,,,,,,,,,,,,,
SFC Farmers' Market at Sunset Valley,"3200 Jones Rd, Austin, TX 78745, USA",30.2311157,-97.8062669,https://sustainablefoodcenter.org/farmers-market/sfc-farmers-market-at-sunset-valley,"establishment, point_of_interest",ChIJgVi2GT5LW4YRIs01sXSA0h4,Pending Review,,,,,,,,,,,,,,,,,,,,,,,,,,,,,,,,,,,,,,,,,,,
OHM Microgreens,"5931 Greenville Ave PMB 3054, Dallas, TX 75206, USA",32.8578397,-96.7689155,https://ohmmicrogreens.com/,"establishment, point_of_interest",ChIJn1qHJmqfToYRfSBGcZ6MFGk,Pending Review,,,,,,,,,,,,,,,,,,,,,,,,,,,,,,,,,,,,,,,,,,,
Farmshare Austin,"3608 River Rd, Cedar Creek, TX 78612, USA",30.19714579999999,-97.5118821,http://farmshareaustin.org/,"establishment, food, grocery_or_supermarket, point_of_interest, school, store",ChIJaRbuMW28RIYRQn-pviNGE40,Pending Review,,,,,,,,,,,,,,,,,,,,,,,,,,,,,,,,,,,,,,,,,,,
Millberg Farm,"737 Opal Ln, Kyle, TX 78640, USA",29.9790486,-97.8895963,http://www.localharvest.org/millberg-farm-M8987,"establishment, point_of_interest",ChIJbXq_641WW4YRoAMTVK2Nf90,Pending Review,,,,,,,,,,,,,,,,,,,,,,,,,,,,,,,,,,,,,,,,,,,
Countryside Farm,"376 Jones Rd, Cedar Creek, TX 78612, USA",30.109474,-97.468733,https://countrysidefarmproducts.wordpress.com/,"establishment, food, point_of_interest, store",ChIJyf_9ksKiRIYRZ2SA0_Fta_k,Pending Review,,,,,,,,,,,,,,,,,,,,,,,,,,,,,,,,,,,,,,,,,,,
Munkebo Farm,"20826 Blake Manor Rd, Manor, TX 78653, USA",30.261825,-97.482753,http://www.munkebofarm.com/,"establishment, point_of_interest",ChIJvecrtvi-RIYRM9CWrwUhi_U,Pending Review,,,,,,,,,,,,,,,,,,,,,,,,,,,,,,,,,,,,,,,,,,,
EIEIO Organic Farm,"1000 Green Acres Dr, Wimberley, TX 78676, USA",29.9911799,-98.1130787,https://www.eieiotx.com/,"establishment, point_of_interest",ChIJ-382Rw1eW4YRPymrzkvdXys,Pending Review,,,,,,,,,,,,,,,,,,,,,,,,,,,,,,,,,,,,,,,,,,,
Nutty Brown Farm,"13900 Nutty Brown Rd, Austin, TX 78737, USA",30.177129,-97.9651747,http://nuttybrownfarm.com/,"establishment, point_of_interest",ChIJazp8SRhFW4YR4yF32jCv648,Pending Review,,,,,,,,,,,,,,,,,,,,,,,,,,,,,,,,,,,,,,,,,,,
Arnosky Family Farm & Market,"13977 Farm to Market Rd 2325, Blanco, TX 78606, USA",30.112897,-98.304395,https://www.instagram.com/arnoskyfamilyfarms/,"establishment, point_of_interest",ChIJ9bIjmtlvW4YRQFUPGMMDeuk,Pending Review,,,,,,,,,,,,,,,,,,,,,,,,,,,,,,,,,,,,,,,,,,,
Keeper Flower Farm,"270 Winningkoff Rd, Lucas, TX 75002, USA",33.0891602,-96.5680997,http://www.keeperflowerfarm.com/,"establishment, point_of_interest",ChIJ-9EeN8APTIYRoL3HHeOlacg,Pending Review,,,,,,,,,,,,,,,,,,,,,,,,,,,,,,,,,,,,,,,,,,,
Sunny Hill Flower Farm,"399 Pasture Rd, Luling, TX 78648, USA",29.7617015,-97.5718907,https://www.sunny-hill-flower-farm.com/,"establishment, florist, point_of_interest, store",ChIJCe0hGa1bQ4YR_NB9VOpdjhw,Pending Review,,,,,,,,,,,,,,,,,,,,,,,,,,,,,,,,,,,,,,,,,,,
Sweet Berry Farm,"1801 FM1980, Marble Falls, TX 78654, USA",30.611531,-98.303551,https://sweetberryfarm.com/index.html,"establishment, point_of_interest",ChIJnzwOqa4CW4YRM2npaswdKfQ,Pending Review,,,,,,,,,,,,,,,,,,,,,,,,,,,,,,,,,,,,,,,,,,,
BE Wild Flower Farm,"10518 Signal Hill Rd, Austin, TX 78737, USA",30.1878215,-97.959545,https://www.bethegrowth.org/,"establishment, food, point_of_interest, store",ChIJB6C1AsxFW4YRH72yE0TaXxc,Pending Review,,,,,,,,,,,,,,,,,,,,,,,,,,,,,,,,,,,,,,,,,,,
Happy Hole Flower Farm,"2917 N Old Bastrop Hwy, San Marcos, TX 78666, USA",29.8752922,-97.8962324,Not listed,"establishment, point_of_interest",ChIJgRoVuA-pXIYRZzsJqN_YzC4,Pending Review,,,,,,,,,,,,,,,,,,,,,,,,,,,,,,,,,,,,,,,,,,,
Abundant Flower Farm,"8470 W FM 545, Blue Ridge, TX 75424, USA",33.2976934,-96.4555049,http://www.abundantflowerfarm.com/,"establishment, florist, food, point_of_interest, store",ChIJpZ0x_d91TIYRuJIZExAVkNs,Pending Review,,,,,,,,,,,,,,,,,,,,,,,,,,,,,,,,,,,,,,,,,,,
Lady Bird Johnson Wildflower Center,"4801 La Crosse Ave, Austin, TX 78739, USA",30.1854889,-97.8732649,https://www.wildflower.org/,"establishment, general_contractor, park, point_of_interest, store, tourist_attraction",ChIJx-dV4FqET4YRIeaczoVvOgc,Pending Review,,,,,,,,,,,,,,,,,,,,,,,,,,,,,,,,,,,,,,,,,,,
Sweet Eats Adventure Farm & Petting Zoo,"14400 E State Hwy 29, Georgetown, TX 78626, USA",30.6374106,-97.4618653,http://www.sweeteats.com/,"amusement_park, establishment, park, point_of_interest, store, zoo",ChIJ-3UUk7XfRIYRcNG8WkV_DgI,Pending Review,,,,,,,,,,,,,,,,,,,,,,,,,,,,,,,,,,,,,,,,,,,
East Texas Flower Farm,"860 Beall Mountain Rd formerly, 321 Beall Mountain Rd, Longview, TX 75604, USA",32.58139,-94.857738,Not listed,"establishment, food, point_of_interest, store",ChIJ-8N078Q9NoYR8kX3AMf7H0U,Pending Review,,,,,,,,,,,,,,,,,,,,,,,,,,,,,,,,,,,,,,,,,,,
Green Valley Gardens,"3598 Warschun Rd, Aubrey, TX 76227, USA",33.2982012,-97.0946276,http://gvgntx.com/,"establishment, point_of_interest",ChIJ2Z6Co5NLTIYRO7JbqYEz6Bk,Pending Review,,,,,,,,,,,,,,,,,,,,,,,,,,,,,,,,,,,,,,,,,,,
"Petals, ink.","10801 Schmidt Ln, Manor, TX 78653, USA",30.4001463,-97.5290185,http://www.petalsinkfloral.com/,"establishment, florist, food, point_of_interest, store",ChIJO7xVgEjHRIYRhs-ayYatSbg,Pending Review,,,,,,,,,,,,,,,,,,,,,,,,,,,,,,,,,,,,,,,,,,,
Paper Bird Flower Farm,"5003 Co Rd 644, Farmersville, TX 75442, USA",33.083478,-96.322534,https://www.paperbirdflowerfarm.com/,"establishment, point_of_interest",ChIJe5dFuLn7S4YR-4sBylxs0uY,Pending Review,,,,,,,,,,,,,,,,,,,,,,,,,,,,,,,,,,,,,,,,,,,
Country Flower Plant Farm,"9670 US-377, Dublin, TX 76446, USA",32.1648423,-98.283035,Not listed,"establishment, point_of_interest",ChIJ-eW5MgCzUYYRePOKpH555IU,Pending Review,,,,,,,,,,,,,,,,,,,,,,,,,,,,,,,,,,,,,,,,,,,
The Flower Ranch,"901 S Pearson Ln, Keller, TX 76248, USA",32.9277778,-97.2027778,http://www.theflowerranch.com/,"establishment, food, point_of_interest, store",ChIJI1CxgPLWTYYRB1LmK3WzWuk,Pending Review,,,,,,,,,,,,,,,,,,,,,,,,,,,,,,,,,,,,,,,,,,,
In the Garden Farm,"5200 Blue Bluff Rd, Austin, TX 78724, USA",30.268256,-97.6190869,http://inthegardenfarm.org/,"establishment, point_of_interest",ChIJRURL3iK3RIYR8iy--bI9ZPA,Pending Review,,,,,,,,,,,,,,,,,,,,,,,,,,,,,,,,,,,,,,,,,,,
UT Farm Stand Jester Garden,"The University of Texas at Austin, 202 E 21st St, Austin, TX 78705, USA",30.2829994,-97.7360335,Not listed,"establishment, point_of_interest",ChIJCVEUdBG1RIYRZGffFIfwwOg,Pending Review,,,,,,,,,,,,,,,,,,,,,,,,,,,,,,,,,,,,,,,,,,,
Buck's Backyard,"1750 Farm to Market 1626, Buda, TX 78610, USA",30.0708203,-97.8731325,https://bucksbackyard.com/events/,"bar, establishment, food, point_of_interest, restaurant",ChIJ63s9uodRW4YRRKIDWcQdfbQ,Pending Review,,,,,,,,,,,,,,,,,,,,,,,,,,,,,,,,,,,,,,,,,,,
Backyard Farm Chef's Table,"3692 Fruitvale Way, Oliver, BC V0H 1T1, Canada",49.0896377,-119.553482,http://www.backyard-farm.ca/,"establishment, food, point_of_interest, restaurant",ChIJJ34Vz6fDglQRcjdXMPCHrfc,Pending Review,,,,,,,,,,,,,,,,,,,,,,,,,,,,,,,,,,,,,,,,,,,
Uncle Red's Backyard Nursery,"7713 Libretto Ln, Austin, TX 78744, USA",30.1550146,-97.7240447,http://uncleredsnursery.com/,"establishment, point_of_interest",ChIJ7zS24ZizRIYRXhFnEnBgEvo,Pending Review,,,,,,,,,,,,,,,,,,,,,,,,,,,,,,,,,,,,,,,,,,,
Farm + Yard,"201 S Robinson Dr, Robinson, TX 76706, USA",31.469635,-97.1164093,https://farmandyardtx.com/,"establishment, general_contractor, point_of_interest",ChIJZ3Jil0mAT4YRPYMAK5ntKus,Pending Review,,,,,,,,,,,,,,,,,,,,,,,,,,,,,,,,,,,,,,,,,,,
Vital Farms,"3601 S Congress Ave Ste c100, Austin, TX 78704, USA",30.2268732,-97.758706,http://www.vitalfarms.com/,"establishment, food, point_of_interest",ChIJN9E4bNiyRIYRJdmnXMCgX6o,Pending Review,,,,,,,,,,,,,,,,,,,,,,,,,,,,,,,,,,,,,,,,,,,
Doonesbury Farm,"1306 Doonesbury Dr, Austin, TX 78758, USA",30.3928471,-97.6918973,Not listed,"establishment, point_of_interest",ChIJ58WVPcvJRIYRTs8nElcNs84,Pending Review,,,,,,,,,,,,,,,,,,,,,,,,,,,,,,,,,,,,,,,,,,,
South Grown Chicken Farm Elgin Texas,"12601 Ballerstedt Rd, Elgin, TX 78621, USA",30.3420976,-97.4639781,http://southgrownchickenfarm.org/,"establishment, point_of_interest",ChIJ4cIT08_BRIYRGCowaTpXqgo,Pending Review,,,,,,,,,,,,,,,,,,,,,,,,,,,,,,,,,,,,,,,,,,,
Cedar Ridge Egg Farm,"12575 Farm Rd 269 S, Pickton, TX 75471, USA",32.99514,-95.3895337,http://www.cedarridgeeggs.com/,"establishment, food, point_of_interest",ChIJkU_gsGsfSoYRU6Tzru4tVEU,Pending Review,,,,,,,,,,,,,,,,,,,,,,,,,,,,,,,,,,,,,,,,,,,
South Prairie Farm,"4405 Sharpsburg Dr, Grand Prairie, TX 75052, USA",32.6657085,-97.020526,http://www.southprairiefarm.com/,"establishment, point_of_interest",ChIJ1y4RAOKJToYRy0rMSIqhDpA,Pending Review,,,,,,,,,,,,,,,,,,,,,,,,,,,,,,,,,,,,,,,,,,,
JMZ Farms,"2440 Co Rd 3840, Bridgeport, TX 76426, USA",33.096311,-97.9074834,http://jmzfarms.com/,"establishment, food, point_of_interest",ChIJKcdFb4_VTYYRFlb2bhFiaJQ,Pending Review,,,,,,,,,,,,,,,,,,,,,,,,,,,,,,,,,,,,,,,,,,,
Humble Rooster Farm,"849 Co Rd 213, Bertram, TX 78605, USA",30.8425217,-97.9313043,http://www.humbleroosterfarm.com/home.html,"establishment, food, point_of_interest",ChIJPQak5NvPWoYRMWTvTFnNimA,Pending Review,,,,,,,,,,,,,,,,,,,,,,,,,,,,,,,,,,,,,,,,,,,
Coyote Creek Organic Feed Mill & Farm Store,"13817 Klaus Ln, Elgin, TX 78621, USA",30.3621349,-97.4280338,http://www.coyotecreekfarm.com/,"establishment, point_of_interest",ChIJ_RX57IfqRIYRBosyjIRj-sw,Pending Review,,,,,,,,,,,,,,,,,,,,,,,,,,,,,,,,,,,,,,,,,,,
Jay's Farm Fresh Eggs,"10460 US-79, Oakwood, TX 75855, USA",31.55681389999999,-95.9100604,https://www.facebook.com/jaysfreshfarmeggs/,"establishment, food, point_of_interest, store",ChIJk-sHNVOHSIYRTwFQYRxNtqc,Pending Review,,,,,,,,,,,,,,,,,,,,,,,,,,,,,,,,,,,,,,,,,,,
Pastured Steps Family Farm,"1505 Indian Creek Dr, Midlothian, TX 76065, USA",32.4061705,-97.0099878,http://www.pasturedsteps.com/,"establishment, point_of_interest",ChIJdWdUgsT3ToYRqgOvnMRMhkc,Pending Review,,,,,,,,,,,,,,,,,,,,,,,,,,,,,,,,,,,,,,,,,,,
Eggcited Farm,"1898 Co Rd 1286, Clarksville, TX 75426, USA",33.6060621,-95.159363,https://www.eggcitedfarm.com/,"establishment, point_of_interest",ChIJ_zh8iP99SoYRNDZGgCzFSuE,Pending Review,,,,,,,,,,,,,,,,,,,,,,,,,,,,,,,,,,,,,,,,,,,
Roman Heritage Farms,"3234 Pleasant Hill Rd, Sunset, TX 76270, USA",33.4721602,-97.7033798,http://www.romanheritagefarms.com/,"establishment, point_of_interest",ChIJF95-wi08ToYRxghnyPEtONw,Pending Review,,,,,,,,,,,,,,,,,,,,,,,,,,,,,,,,,,,,,,,,,,,
the egg farm at Tomball,"3252 FM 66, Itasca, TX 76055, USA",32.216913,-97.077319,http://www.facebook.com/theeggfarm,"establishment, food, park, point_of_interest, store",ChIJLcqYem7_ToYR0A6IPVOCWBI,Pending Review,,,,,,,,,,,,,,,,,,,,,,,,,,,,,,,,,,,,,,,,,,,
East Poultry Company,"2615 E 6th St, Austin, TX 78702, USA",30.2582424,-97.7132272,http://www.eastpoultry.com/,"establishment, food, point_of_interest",ChIJr41naMy1RIYRH3gPcHY-YdE,Pending Review,,,,,,,,,,,,,,,,,,,,,,,,,,,,,,,,,,,,,,,,,,,
Farm To Table,"4500 S Pleasant Valley Rd #209, Austin, TX 78744, USA",30.2057077,-97.743196,http://www.farmtotabletx.com/,"establishment, food, meal_delivery, point_of_interest",ChIJg3r1aJ-2RIYRmQQmm_JMr-0,Pending Review,,,,,,,,,,,,,,,,,,,,,,,,,,,,,,,,,,,,,,,,,,,
Two Hives Honey,"7617 Nez Perce Trce, Manor, TX 78653, USA",30.2784543,-97.5668846,http://www.twohiveshoney.com/,"establishment, point_of_interest",ChIJx0F03pe2RIYRuIy2nAaX6B0,Pending Review,,,,,,,,,,,,,,,,,,,,,,,,,,,,,,,,,,,,,,,,,,,
Good Flow Honey,"6001 Techni Center Dr Unit 3, Austin, TX 78721, USA",30.2766095,-97.6713623,http://www.goodflowhoney.com/,"establishment, point_of_interest",ChIJK0M1ujS0RIYR_zHO7nI8oFY,Pending Review,,,,,,,,,,,,,,,,,,,,,,,,,,,,,,,,,,,,,,,,,,,
Round Rock Honey,"1308 Chisholm Trail Rd Ste 107, Round Rock, TX 78681, USA",30.5196166,-97.692436,http://www.roundrockhoney.com/,"establishment, point_of_interest, store",ChIJCajD_oXRRIYR0euoy3zGTWU,Pending Review,,,,,,,,,,,,,,,,,,,,,,,,,,,,,,,,,,,,,,,,,,,
King Bees,"601 Flamingo Cove, Lakeway, TX 78734, USA",30.3624561,-98.0008234,http://aghoneybees.com/,"establishment, point_of_interest",ChIJTzNy-tQ5W4YRXIyGP4ODNAY,Pending Review,,,,,,,,,,,,,,,,,,,,,,,,,,,,,,,,,,,,,,,,,,,
Walker Honey Farm,"8060 US-190, Rogers, TX 76569, USA",30.9947014,-97.2844017,http://www.walkerhoneyfarm.com/,"establishment, food, point_of_interest, store, tourist_attraction",ChIJ_zhzJ2oSRYYReydO35d9GfI,Pending Review,,,,,,,,,,,,,,,,,,,,,,,,,,,,,,,,,,,,,,,,,,,
McKane Apiaries & Bee Management,"200 Co Rd 159, Georgetown, TX 78626, USA",30.67637779999999,-97.5186575,https://www.mckaneapiaries.com/,"establishment, point_of_interest",ChIJUS3XOWQzRYYRFt_zuk3fmDM,Pending Review,,,,,,,,,,,,,,,,,,,,,,,,,,,,,,,,,,,,,,,,,,,
Texas Honey Farms,"105 Margaret St, Fate, TX 75189, USA",32.9305438,-96.3663001,https://texashoneyfarms.com/,"establishment, point_of_interest",ChIJNdOjoYz_S4YRvRIIB11IFGQ,Pending Review,,,,,,,,,,,,,,,,,,,,,,,,,,,,,,,,,,,,,,,,,,,
Austin Beelove,"5601 Libyan Cir, Austin, TX 78745, USA",30.2116443,-97.7905418,Not listed,"establishment, point_of_interest",ChIJmQdu57dLW4YRaUF5PWZ5okA,Pending Review,,,,,,,,,,,,,,,,,,,,,,,,,,,,,,,,,,,,,,,,,,,
Fain's Honey,"14817 TX-29, Buchanan Dam, TX 78609, USA",30.7332984,-98.4733501,http://www.fainshoney.com/,"establishment, point_of_interest",ChIJZ7gG_5f4WoYRLgZ3fP83TeY,Pending Review,,,,,,,,,,,,,,,,,,,,,,,,,,,,,,,,,,,,,,,,,,,
Tee's Bees,"1334 Co Rd 414, Spicewood, TX 78669, USA",30.4700746,-98.1100645,https://teesbeestx.com/,"establishment, point_of_interest",ChIJp0gtXZ4jW4YREmzU_QAx0h4,Pending Review,,,,,,,,,,,,,,,,,,,,,,,,,,,,,,,,,,,,,,,,,,,
Hive Riot Honey Company,"8910 Indian Knoll Trail, Keller, TX 76248, USA",32.9142299,-97.2014085,http://www.hiveriothoney.com/,"establishment, point_of_interest",ChIJ923XOovXTYYRvSjmcxZ770E,Pending Review,,,,,,,,,,,,,,,,,,,,,,,,,,,,,,,,,,,,,,,,,,,
Sabine Creek Honey Farm,"22326 Co Rd 638, Royse City, TX 75189, USA",33.0393323,-96.3168767,http://www.sabinecreekhoney.com/,"establishment, point_of_interest",ChIJFxFC2tv7S4YRtH3d5U6seLY,Pending Review,,,,,,,,,,,,,,,,,,,,,,,,,,,,,,,,,,,,,,,,,,,
Hidden Honey Farm,"7241 FM 1387, Waxahachie, TX 75167, USA",32.4884744,-96.9020426,Not listed,"establishment, point_of_interest",ChIJ3WIDiXTtToYRGUp4oQ0dfPA,Pending Review,,,,,,,,,,,,,,,,,,,,,,,,,,,,,,,,,,,,,,,,,,,
"Nottingham Bees, LLC","2566 Sunnyvale Rd, Grand Prairie, TX 75050, USA",32.7805243,-97.0450301,http://nottinghambees.com/,"establishment, point_of_interest, tourist_attraction",ChIJH6_wSNeGToYR5dcLEQFdiRk,Pending Review,,,,,,,,,,,,,,,,,,,,,,,,,,,,,,,,,,,,,,,,,,,
Round Rock Honey Beekeeping Class - Rowlett,"Round Rock, TX 78664, USA",30.5082276,-97.6789046,https://roundrockhoney.com/,"establishment, point_of_interest, school",ChIJR9mSc1cdTIYRraYp7N5cQD8,Pending Review,,,,,,,,,,,,,,,,,,,,,,,,,,,,,,,,,,,,,,,,,,,
Sunnyvale Honey Producers,"235 Barnes Bridge Rd, Sunnyvale, TX 75182, USA",32.826936,-96.5843064,http://sunnyvalehoney.com/,"establishment, point_of_interest",ChIJe8vaZRumToYRo1I03WEP98g,Pending Review,,,,,,,,,,,,,,,,,,,,,,,,,,,,,,,,,,,,,,,,,,,
Heavenly Honey,"3801 Glade Rd, Colleyville, TX 76034, USA",32.8815838,-97.1084869,http://www.sfantamaria-dallas.org/,"establishment, point_of_interest",ChIJZ6tTVgB5ToYRpnJtCF9M0iY,Pending Review,,,,,,,,,,,,,,,,,,,,,,,,,,,,,,,,,,,,,,,,,,,
King Bees,"10509 Lake Park Dr, Dripping Springs, TX 78620, USA",30.2736951,-98.0494486,http://aghoneybees.com/,"establishment, point_of_interest",ChIJK-9jVR9BW4YRrbMbIb0J67s,Pending Review,,,,,,,,,,,,,,,,,,,,,,,,,,,,,,,,,,,,,,,,,,,
Fallen Oak Mycology,"1220 Satterwhite Rd Ste 1005, Buda, TX 78610, USA",30.0599979,-97.8002733,http://www.fallenoakmycology.com/,"establishment, point_of_interest",ChIJF1u6N_S7RIYRT0sFR8p8Z98,Pending Review,,,,,,,,,,,,,,,,,,,,,,,,,,,,,,,,,,,,,,,,,,,
Enchanted Mushrooms,"1101 Pine St, Llano, TX 78643, USA",30.7471208,-98.6648072,http://enchantedmushrooms.farm/?utm_source=gmb&utm_medium=referral,"establishment, point_of_interest",ChIJk9juKDVPWoYRNSN-3lJ3Qts,Pending Review,,,,,,,,,,,,,,,,,,,,,,,,,,,,,,,,,,,,,,,,,,,
Kitchen Pride Mushroom Farms,"1034 Co Rd 348, Gonzales, TX 78629, USA",29.479882,-97.378278,http://www.kitchenpridemushrooms.com/,"establishment, point_of_interest",ChIJ56KMRJMWQ4YR862wPj68txY,Pending Review,,,,,,,,,,,,,,,,,,,,,,,,,,,,,,,,,,,,,,,,,,,
Cap City Mushrooms,"305 E St Elmo Rd #11, Austin, TX 78745, USA",30.2155286,-97.764586,http://capcityshrooms.com/,"establishment, point_of_interest",ChIJv0nU9de1RIYR1kgqP5vK6fQ,Pending Review,,,,,,,,,,,,,,,,,,,,,,,,,,,,,,,,,,,,,,,,,,,
Mushroom Street Farms,"2929 Elm St, Dallas, TX 75226, USA",32.7853488,-96.7813104,https://mushroom.st/,"establishment, food, point_of_interest, store",ChIJybqgRw2ZToYRgbFjMpkX81Y,Pending Review,,,,,,,,,,,,,,,,,,,,,,,,,,,,,,,,,,,,,,,,,,,
Texas Fungus,"3201 E Pioneer Pkwy #9, Arlington, TX 76010, USA",32.7129929,-97.050117,http://www.texasfungus.com/,"establishment, point_of_interest",ChIJkSAcMuF9ToYRN8tQ0GG3sYY,Pending Review,,,,,,,,,,,,,,,,,,,,,,,,,,,,,,,,,,,,,,,,,,,
Lone Star Mushrooms,"16440 Jireh Rd, Conroe, TX 77306, USA",30.281643,-95.3191234,http://www.lonestarmushrooms.com/,"establishment, food, grocery_or_supermarket, point_of_interest, store",ChIJGWztI8rTQIYRuknAIQfxwzA,Pending Review,,,,,,,,,,,,,,,,,,,,,,,,,,,,,,,,,,,,,,,,,,,
Turtle Creek Mushrooms,"100 Denlu Rd, Kerrville, TX 78028, USA",30.0094852,-99.2475093,http://www.turtlecreekmushrooms.com/,"establishment, point_of_interest",ChIJf5B0nY-ORkERSXUwZqAW6HA,Pending Review,,,,,,,,,,,,,,,,,,,,,,,,,,,,,,,,,,,,,,,,,,,
Dryad Grove,"231 Rambling Loop, Weatherford, TX 76087, USA",32.7911054,-97.709043,https://www.dryadgrove.farm/,"establishment, point_of_interest",ChIJcWvTaiMBToYRmeacaB89tNY,Pending Review,,,,,,,,,,,,,,,,,,,,,,,,,,,,,,,,,,,,,,,,,,,
Snail Farm,"7906 Linden Rd, Del Valle, TX 78617, USA",30.1431241,-97.582597,https://www.instagram.com/snailfarmatx/,"establishment, lodging, point_of_interest, rv_park",ChIJzU9J-zS7RIYRxHB-1gtH-Us,Pending Review,,,,,,,,,,,,,,,,,,,,,,,,,,,,,,,,,,,,,,,,,,,
TKF Mushrooms LLC,"117 Conners Rd, Huffman, TX 77336, USA",30.1367443,-95.0952727,http://www.tkfmushrooms.com/,"establishment, point_of_interest",ChIJIx3AcAhVR4YRAzEQwsnrzGY,Pending Review,,,,,,,,,,,,,,,,,,,,,,,,,,,,,,,,,,,,,,,,,,,
Mushroom Street Farms,"8001 Valcasi Dr Ste 101, Arlington, TX 76001, USA",32.6155556,-97.1580556,https://www.mushroom.st/,"establishment, food, health, point_of_interest, store",ChIJt75Sy5thToYRVN6Qe0QLfzY,Pending Review,,,,,,,,,,,,,,,,,,,,,,,,,,,,,,,,,,,,,,,,,,,
"Texas Organic Mushrooms, Ltd","308 S Chandler Ave, Denison, TX 75020, USA",33.7532273,-96.5488356,Not listed,"establishment, point_of_interest",ChIJcev9WKaFTIYRuEAQ6wWUZrc,Pending Review,,,,,,,,,,,,,,,,,,,,,,,,,,,,,,,,,,,,,,,,,,,
Midnight Mushroom Co.,"5001 FM1187 Ste 250, Burleson, TX 76028, USA",32.5806028,-97.2544954,https://www.midnightmushroomco.com/,"establishment, point_of_interest",ChIJqymgFqFrToYRMq-Bm60IJ2A,Pending Review,,,,,,,,,,,,,,,,,,,,,,,,,,,,,,,,,,,,,,,,,,,
Monterey Mushrooms Inc,"5816 TX-75, Madisonville, TX 77864, USA",30.9252143,-95.827031,http://www.montereymushrooms.com/,"establishment, food, point_of_interest",ChIJS1Lj1exRRoYRX-Q2luTul2U,Pending Review,,,,,,,,,,,,,,,,,,,,,,,,,,,,,,,,,,,,,,,,,,,
Mini Mischief Ranch,"12000 FM1660, Hutto, TX 78634, USA",30.499655,-97.508233,http://www.minimischiefranch.com/,"establishment, point_of_interest",ChIJf6ATwkXbRIYRSeuxaMCGNf4,Pending Review,,,,,,,,,,,,,,,,,,,,,,,,,,,,,,,,,,,,,,,,,,,
Blessing Falls Family Farm,"680 Co Rd 476, Thrall, TX 76578, USA",30.463946,-97.237343,http://blessingfalls.com/,"establishment, point_of_interest",ChIJce0aQrPxRIYRe6mWBPzWp24,Pending Review,,,,,,,,,,,,,,,,,,,,,,,,,,,,,,,,,,,,,,,,,,,
Spicewood Farms,"6607 Spicewood Springs Rd, Austin, TX 78759, USA",30.3960983,-97.778479,http://www.spicewoodfarms.com/,"establishment, point_of_interest",ChIJ4y0j8K7MRIYRtbw-T6nb_ng,Pending Review,,,,,,,,,,,,,,,,,,,,,,,,,,,,,,,,,,,,,,,,,,,
Pure Land Farm,"7505 Co Rd 201, McKinney, TX 75071, USA",33.2716644,-96.6461263,http://purelandorganic.com/,"establishment, point_of_interest",ChIJDQKcZrdsTIYRHHNioTODxSI,Pending Review,,,,,,,,,,,,,,,,,,,,,,,,,,,,,,,,,,,,,,,,,,,
Lone Star Farmers Market,"1023 Springdale Rd, Austin, TX 78721, USA",30.2675741,-97.6926442,http://www.lonestarfarmersmarket.com/,"establishment, point_of_interest",ChIJGzu91Os3W4YRBi4kdLlBNJE,Pending Review,,,,,,,,,,,,,,,,,,,,,,,,,,,,,,,,,,,,,,,,,,,
Sustainable Food Center,"Building C, 2921 E 17th St, Austin, TX 78702, USA",30.2781707,-97.7100752,http://www.sustainablefoodcenter.org/,"establishment, point_of_interest",ChIJGcGgLhzKRIYRdEdg5AkFAGQ,Pending Review,,,,,,,,,,,,,,,,,,,,,,,,,,,,,,,,,,,,,,,,,,,
Village Farm Farmhouse,"5801 Planters Path, Austin, TX 78724, USA",30.2855452,-97.6342931,Not listed,"establishment, point_of_interest",ChIJtVN1LwC3RIYRujyoHJuoetI,Pending Review,,,,,,,,,,,,,,,,,,,,,,,,,,,,,,,,,,,,,,,,,,,
Travis County Agricultural Ext,"1600 Smith Rd # B, Austin, TX 78721, USA",30.2581249,-97.6788299,https://agrilifeextension.tamu.edu/counties/travis-county/,"establishment, local_government_office, point_of_interest",ChIJISeuQGC2RIYR3zuPr058OZ0,Pending Review,,,,,,,,,,,,,,,,,,,,,,,,,,,,,,,,,,,,,,,,,,,
Central Texas Farmers Co-op,"Location: Central Texas between Austin/ San Antonio San Marcos, TX 78666",29.8942825,-97.9810845,,,,,localharvest.org/central-texas-farmers-co-op-M74330,,,,,,,,,,,,,,,,,,,,,,,,,,,,,,,,,,,,,,,,,,
The Rowdy Roost,,29.58,-97.73,,,,,localharvest.org/the-rowdy-roost-M83573,,,,,,,,,,,,,,,,,,,,,,,,,,,,,,,,,,,,,,,,,,
Geosmin Regenerative,,30.19,-97.8,,,,,localharvest.org/geosmin-regenerative-M83580,,,,,,,,,,,,,,,,,,,,,,,,,,,,,,,,,,,,,,,,,,
Headlong Farm,,30.36,-97.34,,,,,localharvest.org/headlong-farm-M84907,,,,,,,,,,,,,,,,,,,,,,,,,,,,,,,,,,,,,,,,,,
Gather & Deliver,,30.35,-98.15,,,,,localharvest.org/gather-amp-deliver-M80348,,,,,,,,,,,,,,,,,,,,,,,,,,,,,,,,,,,,,,,,,,
Better Days Gardens,,29.86,-97.6,,,,,localharvest.org/better-days-gardens-M85110,,,,,,,,,,,,,,,,,,,,,,,,,,,,,,,,,,,,,,,,,,
Holland Cattle Co.,"Location: 4400 CR 340 Marble Falls, TX 78654",30.6220917,-98.2428721,,,,,localharvest.org/holland-cattle-co--M72554,,,,,,,,,,,,,,,,,,,,,,,,,,,,,,,,,,,,,,,,,,
Galloping Winds Ranch,"Location: 402 Whitaker Road Florence, TX 76527",30.8155532,-97.8740608,,,,,localharvest.org/galloping-winds-ranch-M25019,,,,,,,,,,,,,,,,,,,,,,,,,,,,,,,,,,,,,,,,,,
J&C Poultry,,31.07,-97.91,,,,,localharvest.org/j-c-poultry-M85778,,,,,,,,,,,,,,,,,,,,,,,,,,,,,,,,,,,,,,,,,,
Ahimsa Farm,"Location: 65 Cravey Road Waring, TX 78006",29.9255705,-98.768165,,,,,localharvest.org/ahimsa-farm-M30325,,,,,,,,,,,,,,,,,,,,,,,,,,,,,,,,,,,,,,,,,,
Wild Type Ranch,"Location: 2579 County Rd 140 Cameron, TX 76520",30.9347797,-96.9241854,,,,,localharvest.org/wild-type-ranch-M16339,,,,,,,,,,,,,,,,,,,,,,,,,,,,,,,,,,,,,,,,,,
Armadillo Gardens,,29.45,-98.46,,,,,localharvest.org/armadillo-gardens-M86257,,,,,,,,,,,,,,,,,,,,,,,,,,,,,,,,,,,,,,,,,,
"Sussex Farm and Ranch, LLC",,29.99,-98.93,,,,,localharvest.org/sussex-farm-and-ranch-llc-M85503,,,,,,,,,,,,,,,,,,,,,,,,,,,,,,,,,,,,,,,,,,
Bar W Ranch Beef,,30.98,-96.67,,,,,localharvest.org/bar-w-ranch-beef-M84881,,,,,,,,,,,,,,,,,,,,,,,,,,,,,,,,,,,,,,,,,,
Honest Herd LLC,,29.71,-96.54,,,,,localharvest.org/honest-herd-llc-M85822,,,,,,,,,,,,,,,,,,,,,,,,,,,,,,,,,,,,,,,,,,
New Leaf Agriculture,,30.27,-97.74,,,,,localharvest.org/new-leaf-agriculture-M80602,,,,,,,,,,,,,,,,,,,,,,,,,,,,,,,,,,,,,,,,,,
Watterson Ranch,"Location: free delivery within 50 mile radius of Austin TX Austin, TX 78701",30.267153,-97.7430608,,,,,localharvest.org/watterson-ranch-M49991,,,,,,,,,,,,,,,,,,,,,,,,,,,,,,,,,,,,,,,,,,
Austin Urban Farm,"Location: 1108 Chicon St. Austin, TX 78702",30.266887,-97.720461,,,,,localharvest.org/austin-urban-farm-M54724,,,,,,,,,,,,,,,,,,,,,,,,,,,,,,,,,,,,,,,,,,
Lettuce Networks,"Location: 3404 Oak Springs Austin Texas , TX 78721",30.27411309999999,-97.6959116,,,,,localharvest.org/lettuce-networks-M73646,,,,,,,,,,,,,,,,,,,,,,,,,,,,,,,,,,,,,,,,,,
Urban Roots,,30.26,-97.66,,,,,localharvest.org/urban-roots-M77851,,,,,,,,,,,,,,,,,,,,,,,,,,,,,,,,,,,,,,,,,,
City Farm Austin,"Location: 7210 Lunar Drive Austin, TX 78745",30.1886687,-97.7867796,,,,,localharvest.org/city-farm-austin-M52565,,,,,,,,,,,,,,,,,,,,,,,,,,,,,,,,,,,,,,,,,,
Crystal Creek Farms,"Location: 155 Crystal Creek Rd. Austin , TX 78746",30.3098923,-97.8659145,,,,,localharvest.org/crystal-creek-farms-M61768,,,,,,,,,,,,,,,,,,,,,,,,,,,,,,,,,,,,,,,,,,
Hudson Homestead,,30.4,-97.65,,,,,localharvest.org/hudson-homestead-M82052,,,,,,,,,,,,,,,,,,,,,,,,,,,,,,,,,,,,,,,,,,
Barnison Farm,"Location: 9116 Highway 183 South Austin, TX 78747",30.1189196,-97.6963412,,,,,localharvest.org/barnison-farm-M13653,,,,,,,,,,,,,,,,,,,,,,,,,,,,,,,,,,,,,,,,,,
Bee Friendly Austin,"Location: 9874 Wier Loop Circle Austin, TX 78736",30.2366476,-97.9229087,,,,,localharvest.org/bee-friendly-austin-M66741,,,,,,,,,,,,,,,,,,,,,,,,,,,,,,,,,,,,,,,,,,
Tecolote Farm,"Location: 16301 Decker Lake Rd. Manor, TX 78653",30.2572343,-97.5638109,,,,,localharvest.org/tecolote-farm-M406,,,,,,,,,,,,,,,,,,,,,,,,,,,,,,,,,,,,,,,,,,
Dear Run Longhorns,"Location: 1700 N. FM 1626 Buda, TX 78610",30.1292719,-97.8587691,,,,,localharvest.org/dear-run-longhorns-M58259,,,,,,,,,,,,,,,,,,,,,,,,,,,,,,,,,,,,,,,,,,
Gray Gardens,"Location: 767 main st Buda, TX 78610",30.085104,-97.8364749,,,,,localharvest.org/gray-gardens-M65332,,,,,,,,,,,,,,,,,,,,,,,,,,,,,,,,,,,,,,,,,,
Rocking B Ranch,"Location: 13100 drift Dr Austin , TX 78736",30.2418169,-97.9915589,,,,,localharvest.org/rocking-b-ranch-M23817,,,,,,,,,,,,,,,,,,,,,,,,,,,,,,,,,,,,,,,,,,
Blue Star Ranch,"Location: 5305 Hudson Bend Rd Austin, TX 78734",30.4178333,-97.9294594,,,,,localharvest.org/blue-star-ranch-M73970,,,,,,,,,,,,,,,,,,,,,,,,,,,,,,,,,,,,,,,,,,
MoreHart Farm,"Location: 515 South Cedar Creek Dr Cedar Creek, TX 78612",30.0449699,-97.50943,,,,,localharvest.org/morehart-farm-M60401,,,,,,,,,,,,,,,,,,,,,,,,,,,,,,,,,,,,,,,,,,
Grass to Food Farm,,30.33,-97.42,,,,,localharvest.org/grass-to-food-farm-M77243,,,,,,,,,,,,,,,,,,,,,,,,,,,,,,,,,,,,,,,,,,
Eden's Cove,"Location: 157 Bahia Lane Cedar Creek , TX 78612",30.0430561,-97.5178841,,,,,localharvest.org/edens-cove-M38727,,,,,,,,,,,,,,,,,,,,,,,,,,,,,,,,,,,,,,,,,,
Youngs Prairie Dairy,"Location: 356 Youngs Prairie Rd Elgin, TX 78621",30.3003132,-97.4122589,,,,,localharvest.org/youngs-prairie-dairy-M49157,,,,,,,,,,,,,,,,,,,,,,,,,,,,,,,,,,,,,,,,,,
Simmons Family Farms,"Location: 305 Simmons Family Farm Road Lockhart, TX 78644",29.969609,-97.7246147,,,,,localharvest.org/simmons-family-farms-M55479,,,,,,,,,,,,,,,,,,,,,,,,,,,,,,,,,,,,,,,,,,
The McRanch,"Location: The McRanch 1011 FM 165 Dripping Springs, TX 78620",30.1804978,-98.2229195,,,,,localharvest.org/the-mcranch-M3442,,,,,,,,,,,,,,,,,,,,,,,,,,,,,,,,,,,,,,,,,,
Sunshine Community Gardens,,30.31765947550858,-97.7361830571753,,,,,,42638984.0,allotments,Travis,453.0,4814,Sunshine Drive,Austin,78756.0,"4814 Sunshine Dr, Austin, TX 78756, USA",,,,,,,,,,,,,,,,,,,,,,,,,,,,,,,,,
Emerald Wood Community Garden,,30.212851050077767,-97.77928449480667,,,,,,452081013.0,allotments,Travis,453.0,611,Emerald Wood Drive,Austin,78745.0,"611 Emerald Wood Dr, Austin, TX 78745, USA",,,,,,,,,,,,,,,,,,,,,,,,,,,,,,,,,
Deep Roots Garden,,30.272937827614605,-97.7516985116155,,,,,,469544348.0,allotments,Travis,453.0,717,Henderson Street,Austin,78703.0,"717 Henderson St, Austin, TX 78703, USA",,,,,,,,,,,,,,,,,,,,,,,,,,,,,,,,,
,,30.314275992438898,-97.6736818435452,,,,,,521947425.0,allotments,Travis,453.0,2803,Loyola Lane,Austin,78723.0,"2803 Loyola Ln, Austin, TX 78723, USA",,,,,,,,,,,,,,,,,,,,,,,,,,,,,,,,,
Adelphi Acre Community Garden,,30.42093960435058,-97.71548244983046,,,,,,560779245.0,allotments,Travis,453.0,3701 1/2,Adelphi Lane,Austin,78759.0,"3701 1/2 Adelphi Ln, Austin, TX 78759, USA",,,,,,,,,,,,,,,,,,,,,,,,,,,,,,,,,
Festival Beach Community Garden,,30.25372734729932,-97.73486009228088,,,,,,584028523.0,allotments,Travis,453.0,35,Waller Street,Austin,78702.0,"35 Waller St, Austin, TX 78702, USA",,,,,,,,,,,,,,,,,,,,,,,,,,,,,,,,,
,,30.353411892120885,-97.68265968050068,,,,,,586407946.0,allotments,Travis,453.0,1201 1/2,East Rundberg Lane,Austin,78753.0,"1201 1/2 E Rundberg Ln, Austin, TX 78753, USA",,,,,,,,,,,,,,,,,,,,,,,,,,,,,,,,,
Johnson's Backyard Garden,,30.23500885962949,-97.65666899534816,,,,,,588733740.0,farmland,Travis,453.0,,,Austin,,"68PV+28 Austin, TX, USA",,,,,,,,,,,,,,,,,,,,,,,,,,,,,,,,,
,,30.408509857251328,-97.72487706617925,,,,,,619273811.0,allotments,Travis,453.0,11500,North Mopac Expressway,Austin,78759.0,"11500 N Mopac Expy, Austin, TX 78759, USA",,,,,,,,,,,,,,,,,,,,,,,,,,,,,,,,,
,,30.293242240683902,-97.69725775110147,,,,,,724411856.0,allotments,Travis,453.0,4105 1/2,Vaughan Street,Austin,78723.0,"4105 1/2 Vaughan St, Austin, TX 78723, USA",,,,,,,,,,,,,,,,,,,,,,,,,,,,,,,,,
,,30.34431736533978,-97.72057133379668,,,,,,842036245.0,allotments,Travis,453.0,7605,Wildcat Pass,Austin,78757.0,"7605 Wildcat Pass, Austin, TX 78757, USA",,,,,,,,,,,,,,,,,,,,,,,,,,,,,,,,,
Deep Eddy Community Garden,,30.275842990115752,-97.77215089722397,,,,,,933082816.0,allotments,Travis,453.0,401,Deep Eddy Avenue,Austin,78703.0,"Eilers (Deep Eddy) Neighborhood Park, 401 Deep Eddy Ave, Austin, TX 78703, USA",,,,,,,,,,,,,,,,,,,,,,,,,,,,,,,,,
,,30.32288392814619,-97.71350907069488,,,,,,959889624.0,allotments,Travis,453.0,609,Clayton Lane,Austin,78752.0,"609 Clayton Ln, Austin, TX 78752, USA",,,,,,,,,,,,,,,,,,,,,,,,,,,,,,,,,
