StateAbbr,CountyName,TractFIPS,CHD_CrudePrev,CHD_Crude95CI
TX,Dallas,48113000100,3.3,"( 2.9,  3.8)"
TX,Dallas,48113000201,3.4,"( 3.0,  3.9)"
TX,Dallas,48113000202,3.0,"( 2.6,  3.4)"
TX,Dallas,48113000300,2.9,"( 2.5,  3.3)"
TX,Dallas,48113000401,4.3,"( 3.9,  4.9)"
TX,Dallas,48113000405,3.6,"( 3.2,  4.0)"
TX,Dallas,48113000407,5.1,"( 4.5,  5.8)"
TX,Dallas,48113000408,3.8,"( 3.4,  4.3)"
TX,Dallas,48113000409,1.4,"( 1.2,  1.6)"
TX,Dallas,48113000410,7.5,"( 6.5,  8.4)"
TX,Dallas,48113000501,1.8,"( 1.6,  2.0)"
TX,Dallas,48113000502,4.5,"( 3.9,  5.1)"
TX,Dallas,48113000503,1.6,"( 1.4,  1.8)"
TX,Dallas,48113000605,4.5,"( 3.9,  5.2)"
TX,Dallas,48113000606,6.1,"( 5.4,  7.0)"
TX,Dallas,48113000607,3.7,"( 3.2,  4.3)"
TX,Dallas,48113000608,3.4,"( 3.0,  4.0)"
TX,Dallas,48113000609,3.4,"( 3.0,  3.9)"
TX,Dallas,48113000610,4.5,"( 3.9,  5.1)"
TX,Dallas,48113000611,3.3,"( 3.0,  3.8)"
TX,Dallas,48113000703,2.3,"( 2.0,  2.6)"
TX,Dallas,48113000704,1.4,"( 1.3,  1.6)"
TX,Dallas,48113000705,2.5,"( 2.2,  2.9)"
TX,Dallas,48113000706,3.0,"( 2.6,  3.3)"
TX,Dallas,48113000801,3.9,"( 3.4,  4.4)"
TX,Dallas,48113000802,1.9,"( 1.7,  2.2)"
TX,Dallas,48113000901,1.2,"( 1.1,  1.4)"
TX,Dallas,48113000902,2.1,"( 1.9,  2.4)"
TX,Dallas,48113001001,2.4,"( 2.1,  2.8)"
TX,Dallas,48113001002,2.4,"( 2.1,  2.8)"
TX,Dallas,48113001101,2.6,"( 2.3,  3.0)"
TX,Dallas,48113001102,2.9,"( 2.5,  3.4)"
TX,Dallas,48113001202,3.0,"( 2.6,  3.4)"
TX,Dallas,48113001203,5.0,"( 4.3,  5.7)"
TX,Dallas,48113001204,5.0,"( 4.4,  5.7)"
TX,Dallas,48113001301,4.8,"( 4.1,  5.6)"
TX,Dallas,48113001302,4.8,"( 4.2,  5.5)"
TX,Dallas,48113001400,4.3,"( 3.8,  4.9)"
TX,Dallas,48113001502,5.9,"( 5.3,  6.6)"
TX,Dallas,48113001503,3.4,"( 3.0,  3.8)"
TX,Dallas,48113001504,4.0,"( 3.5,  4.5)"
TX,Dallas,48113001601,3.9,"( 3.4,  4.4)"
TX,Dallas,48113001602,2.5,"( 2.2,  2.8)"
TX,Dallas,48113001703,1.8,"( 1.6,  2.1)"
TX,Dallas,48113001705,2.4,"( 2.2,  2.8)"
TX,Dallas,48113001801,1.4,"( 1.2,  1.7)"
TX,Dallas,48113001802,1.2,"( 1.0,  1.3)"
TX,Dallas,48113001901,3.3,"( 2.9,  3.8)"
TX,Dallas,48113001902,1.4,"( 1.2,  1.6)"
TX,Dallas,48113002001,2.9,"( 2.6,  3.3)"
TX,Dallas,48113002002,6.4,"( 5.6,  7.3)"
TX,Dallas,48113002100,2.6,"( 2.3,  3.0)"
TX,Dallas,48113002200,3.2,"( 2.9,  3.6)"
TX,Dallas,48113002400,6.1,"( 5.4,  6.8)"
TX,Dallas,48113002500,7.1,"( 6.3,  8.0)"
TX,Dallas,48113002703,7.3,"( 6.3,  8.2)"
TX,Dallas,48113003102,3.1,"( 2.7,  3.5)"
TX,Dallas,48113003103,2.9,"( 2.5,  3.2)"
TX,Dallas,48113003700,6.4,"( 5.7,  7.3)"
TX,Dallas,48113004201,4.1,"( 3.6,  4.6)"
TX,Dallas,48113004202,4.5,"( 3.9,  5.1)"
TX,Dallas,48113004300,2.0,"( 1.8,  2.3)"
TX,Dallas,48113004400,4.9,"( 4.2,  5.6)"
TX,Dallas,48113004500,5.9,"( 5.1,  6.8)"
TX,Dallas,48113004600,4.8,"( 4.2,  5.5)"
TX,Dallas,48113004700,4.9,"( 4.3,  5.6)"
TX,Dallas,48113004800,5.6,"( 4.8,  6.4)"
TX,Dallas,48113005000,7.3,"( 6.4,  8.3)"
TX,Dallas,48113005100,6.7,"( 5.8,  7.7)"
TX,Dallas,48113005200,5.2,"( 4.5,  6.0)"
TX,Dallas,48113005300,5.5,"( 4.9,  6.3)"
TX,Dallas,48113005400,7.1,"( 6.3,  7.9)"
TX,Dallas,48113005500,6.0,"( 5.4,  6.7)"
TX,Dallas,48113005600,6.8,"( 6.1,  7.5)"
TX,Dallas,48113005700,7.5,"( 6.7,  8.4)"
TX,Dallas,48113005901,7.4,"( 6.6,  8.3)"
TX,Dallas,48113005902,9.1,"( 8.0, 10.3)"
TX,Dallas,48113006001,6.7,"( 5.9,  7.5)"
TX,Dallas,48113006002,5.9,"( 5.2,  6.6)"
TX,Dallas,48113006100,7.2,"( 6.4,  8.1)"
TX,Dallas,48113006200,5.8,"( 5.1,  6.5)"
TX,Dallas,48113006301,5.3,"( 4.6,  6.0)"
TX,Dallas,48113006302,4.4,"( 3.8,  5.1)"
TX,Dallas,48113006401,6.1,"( 5.3,  7.0)"
TX,Dallas,48113006402,6.3,"( 5.5,  7.2)"
TX,Dallas,48113006501,6.0,"( 5.2,  6.8)"
TX,Dallas,48113006502,6.1,"( 5.3,  7.0)"
TX,Dallas,48113006701,6.2,"( 5.4,  7.0)"
TX,Dallas,48113006702,7.7,"( 6.8,  8.7)"
TX,Dallas,48113006800,5.3,"( 4.7,  5.9)"
TX,Dallas,48113006900,6.1,"( 5.4,  6.8)"
TX,Dallas,48113007101,3.9,"( 3.4,  4.4)"
TX,Dallas,48113007102,5.2,"( 4.5,  5.9)"
TX,Dallas,48113007203,5.1,"( 4.5,  5.8)"
TX,Dallas,48113007204,5.1,"( 4.4,  5.8)"
TX,Dallas,48113007205,5.3,"( 4.6,  6.0)"
TX,Dallas,48113007206,5.4,"( 4.7,  6.2)"
TX,Dallas,48113007301,4.2,"( 3.7,  4.7)"
TX,Dallas,48113007302,4.4,"( 3.8,  5.0)"
TX,Dallas,48113007601,5.1,"( 4.4,  6.0)"
TX,Dallas,48113007604,4.7,"( 4.1,  5.5)"
TX,Dallas,48113007605,6.4,"( 5.6,  7.3)"
TX,Dallas,48113007701,7.7,"( 6.4,  9.4)"
TX,Dallas,48113007702,6.4,"( 5.6,  7.3)"
TX,Dallas,48113007801,8.3,"( 7.2,  9.6)"
TX,Dallas,48113007805,9.0,"( 7.7, 10.4)"
TX,Dallas,48113007809,4.7,"( 4.1,  5.3)"
TX,Dallas,48113007810,4.9,"( 4.4,  5.5)"
TX,Dallas,48113007812,5.1,"( 4.5,  5.8)"
TX,Dallas,48113007815,5.2,"( 4.7,  5.8)"
TX,Dallas,48113007819,4.5,"( 4.0,  5.1)"
TX,Dallas,48113007821,3.4,"( 3.0,  3.8)"
TX,Dallas,48113007822,3.8,"( 3.3,  4.4)"
TX,Dallas,48113007823,3.0,"( 2.7,  3.5)"
TX,Dallas,48113007824,5.0,"( 4.4,  5.6)"
TX,Dallas,48113007825,5.3,"( 4.7,  5.9)"
TX,Dallas,48113007826,2.3,"( 2.0,  2.6)"
TX,Dallas,48113007827,4.4,"( 4.0,  5.0)"
TX,Dallas,48113007828,3.0,"( 2.7,  3.4)"
TX,Dallas,48113007829,5.5,"( 4.9,  6.2)"
TX,Dallas,48113007830,5.6,"( 5.0,  6.2)"
TX,Dallas,48113007831,3.1,"( 2.7,  3.5)"
TX,Dallas,48113007832,5.1,"( 4.5,  5.7)"
TX,Dallas,48113007833,7.1,"( 6.3,  7.9)"
TX,Dallas,48113007834,3.9,"( 3.4,  4.4)"
TX,Dallas,48113007835,5.4,"( 4.7,  6.1)"
TX,Dallas,48113007902,4.6,"( 4.0,  5.3)"
TX,Dallas,48113007903,4.5,"( 3.9,  5.2)"
TX,Dallas,48113007906,6.5,"( 5.6,  7.6)"
TX,Dallas,48113007909,2.5,"( 2.2,  2.8)"
TX,Dallas,48113007910,2.4,"( 2.1,  2.7)"
TX,Dallas,48113007912,1.8,"( 1.6,  2.0)"
TX,Dallas,48113007913,3.8,"( 3.3,  4.5)"
TX,Dallas,48113007914,2.4,"( 2.1,  2.7)"
TX,Dallas,48113007915,1.8,"( 1.6,  2.1)"
TX,Dallas,48113007916,1.7,"( 1.5,  1.9)"
TX,Dallas,48113008000,3.9,"( 3.4,  4.5)"
TX,Dallas,48113008101,4.8,"( 4.2,  5.5)"
TX,Dallas,48113008102,4.4,"( 3.8,  5.0)"
TX,Dallas,48113008200,4.7,"( 4.1,  5.4)"
TX,Dallas,48113008401,5.1,"( 4.5,  5.8)"
TX,Dallas,48113008402,5.1,"( 4.5,  5.7)"
TX,Dallas,48113008500,6.7,"( 5.9,  7.6)"
TX,Dallas,48113008604,7.1,"( 6.3,  8.0)"
TX,Dallas,48113008701,9.4,"( 8.4, 10.4)"
TX,Dallas,48113008703,8.5,"( 7.6,  9.5)"
TX,Dallas,48113008704,9.2,"( 8.1, 10.5)"
TX,Dallas,48113008705,9.1,"( 7.9, 10.2)"
TX,Dallas,48113008801,8.7,"( 7.5, 10.0)"
TX,Dallas,48113008802,8.7,"( 7.7,  9.8)"
TX,Dallas,48113009001,4.8,"( 4.2,  5.4)"
TX,Dallas,48113009002,6.4,"( 5.7,  7.2)"
TX,Dallas,48113009101,5.2,"( 4.7,  5.9)"
TX,Dallas,48113009103,6.9,"( 6.1,  7.6)"
TX,Dallas,48113009104,6.3,"( 5.6,  7.1)"
TX,Dallas,48113009105,6.4,"( 5.8,  7.2)"
TX,Dallas,48113009202,6.9,"( 6.1,  7.7)"
TX,Dallas,48113009203,6.0,"( 5.2,  6.8)"
TX,Dallas,48113009204,6.2,"( 5.5,  7.0)"
TX,Dallas,48113009301,5.3,"( 4.6,  6.0)"
TX,Dallas,48113009303,6.5,"( 5.7,  7.2)"
TX,Dallas,48113009304,7.2,"( 6.4,  8.1)"
TX,Dallas,48113009401,4.8,"( 4.2,  5.6)"
TX,Dallas,48113009402,4.5,"( 3.9,  5.2)"
TX,Dallas,48113009500,5.2,"( 4.5,  6.0)"
TX,Dallas,48113009603,5.2,"( 4.5,  5.9)"
TX,Dallas,48113009604,6.8,"( 6.0,  7.8)"
TX,Dallas,48113009605,4.9,"( 4.4,  5.6)"
TX,Dallas,48113009607,4.6,"( 4.0,  5.3)"
TX,Dallas,48113009608,6.0,"( 5.1,  6.9)"
TX,Dallas,48113009609,5.0,"( 4.4,  5.7)"
TX,Dallas,48113009610,5.2,"( 4.5,  5.9)"
TX,Dallas,48113009611,5.5,"( 4.9,  6.2)"
TX,Dallas,48113009701,6.7,"( 5.9,  7.5)"
TX,Dallas,48113009702,4.4,"( 3.9,  5.1)"
TX,Dallas,48113009802,6.6,"( 5.8,  7.5)"
TX,Dallas,48113009803,5.0,"( 4.3,  5.6)"
TX,Dallas,48113009804,5.3,"( 4.6,  6.0)"
TX,Dallas,48113009900,2.2,"( 1.9,  2.4)"
TX,Dallas,48113010001,9.2,"( 8.4, 10.2)"
TX,Dallas,48113010002,3.6,"( 3.2,  4.2)"
TX,Dallas,48113010003,2.4,"( 2.1,  2.7)"
TX,Dallas,48113010101,6.2,"( 5.5,  7.0)"
TX,Dallas,48113010102,7.8,"( 6.8,  8.9)"
TX,Dallas,48113010500,7.2,"( 6.4,  8.0)"
TX,Dallas,48113010601,5.5,"( 4.7,  6.3)"
TX,Dallas,48113010602,6.5,"( 5.7,  7.3)"
TX,Dallas,48113010701,6.0,"( 5.2,  6.9)"
TX,Dallas,48113010704,6.9,"( 6.2,  7.7)"
TX,Dallas,48113010804,10.5,"( 9.5, 11.5)"
TX,Dallas,48113010805,6.4,"( 5.7,  7.1)"
TX,Dallas,48113010806,5.4,"( 4.8,  6.2)"
TX,Dallas,48113010807,6.9,"( 6.2,  7.7)"
TX,Dallas,48113010808,5.5,"( 4.9,  6.3)"
TX,Dallas,48113010809,5.8,"( 5.2,  6.6)"
TX,Dallas,48113010903,4.5,"( 4.0,  5.1)"
TX,Dallas,48113010904,4.0,"( 3.5,  4.5)"
TX,Dallas,48113010905,5.7,"( 5.0,  6.3)"
TX,Dallas,48113010906,5.3,"( 4.6,  6.1)"
TX,Dallas,48113011002,6.7,"( 5.8,  7.8)"
TX,Dallas,48113011003,8.3,"( 7.2,  9.5)"
TX,Dallas,48113011004,6.4,"( 5.7,  7.3)"
TX,Dallas,48113011101,7.5,"( 6.4,  8.6)"
TX,Dallas,48113011103,8.1,"( 7.2,  9.2)"
TX,Dallas,48113011104,8.1,"( 7.2,  9.0)"
TX,Dallas,48113011105,7.1,"( 6.3,  7.9)"
TX,Dallas,48113011201,5.6,"( 4.9,  6.2)"
TX,Dallas,48113011202,6.4,"( 5.6,  7.4)"
TX,Dallas,48113011300,8.4,"( 7.4,  9.5)"
TX,Dallas,48113011401,6.4,"( 5.7,  7.2)"
TX,Dallas,48113011500,8.4,"( 7.6,  9.3)"
TX,Dallas,48113011601,7.8,"( 7.0,  8.8)"
TX,Dallas,48113011603,5.4,"( 4.8,  6.1)"
TX,Dallas,48113011604,4.8,"( 4.3,  5.5)"
TX,Dallas,48113011701,5.6,"( 5.0,  6.3)"
TX,Dallas,48113011702,5.8,"( 5.2,  6.4)"
TX,Dallas,48113011801,5.2,"( 4.6,  5.8)"
TX,Dallas,48113011802,6.8,"( 6.0,  7.6)"
TX,Dallas,48113011901,5.8,"( 5.1,  6.5)"
TX,Dallas,48113011902,6.1,"( 5.5,  6.9)"
TX,Dallas,48113012000,5.7,"( 5.0,  6.3)"
TX,Dallas,48113012101,5.6,"( 5.0,  6.3)"
TX,Dallas,48113012102,5.8,"( 5.2,  6.6)"
TX,Dallas,48113012206,5.0,"( 4.4,  5.6)"
TX,Dallas,48113012207,5.9,"( 5.3,  6.7)"
TX,Dallas,48113012208,7.7,"( 6.9,  8.6)"
TX,Dallas,48113012209,4.6,"( 4.0,  5.3)"
TX,Dallas,48113012210,5.3,"( 4.8,  6.0)"
TX,Dallas,48113012211,6.6,"( 5.9,  7.4)"
TX,Dallas,48113012212,5.8,"( 5.1,  6.6)"
TX,Dallas,48113012213,4.7,"( 4.0,  5.3)"
TX,Dallas,48113012301,5.3,"( 4.7,  6.0)"
TX,Dallas,48113012302,7.3,"( 6.6,  8.1)"
TX,Dallas,48113012400,5.5,"( 4.7,  6.3)"
TX,Dallas,48113012501,4.9,"( 4.2,  5.5)"
TX,Dallas,48113012502,6.8,"( 6.1,  7.7)"
TX,Dallas,48113012601,5.7,"( 5.1,  6.4)"
TX,Dallas,48113012603,5.3,"( 4.6,  6.1)"
TX,Dallas,48113012604,6.2,"( 5.6,  6.9)"
TX,Dallas,48113012701,7.3,"( 6.5,  8.2)"
TX,Dallas,48113012702,6.2,"( 5.5,  6.9)"
TX,Dallas,48113012801,6.5,"( 5.5,  7.6)"
TX,Dallas,48113012802,4.6,"( 4.0,  5.3)"
TX,Dallas,48113012900,4.3,"( 3.7,  4.9)"
TX,Dallas,48113013005,5.4,"( 4.6,  6.4)"
TX,Dallas,48113013007,5.7,"( 4.9,  6.4)"
TX,Dallas,48113013008,5.3,"( 4.6,  6.1)"
TX,Dallas,48113013009,4.4,"( 3.9,  5.0)"
TX,Dallas,48113013010,4.2,"( 3.7,  4.7)"
TX,Dallas,48113013011,4.4,"( 3.9,  4.9)"
TX,Dallas,48113013012,4.4,"( 3.8,  5.0)"
TX,Dallas,48113013013,4.5,"( 3.9,  5.3)"
TX,Dallas,48113013101,5.6,"( 4.9,  6.3)"
TX,Dallas,48113013102,5.2,"( 4.5,  6.0)"
TX,Dallas,48113013104,3.7,"( 3.3,  4.2)"
TX,Dallas,48113013106,5.2,"( 4.6,  5.8)"
TX,Dallas,48113013107,4.2,"( 3.7,  4.8)"
TX,Dallas,48113013201,6.8,"( 5.9,  7.8)"
TX,Dallas,48113013202,4.3,"( 3.8,  5.0)"
TX,Dallas,48113013300,4.9,"( 4.3,  5.7)"
TX,Dallas,48113013400,4.8,"( 4.2,  5.5)"
TX,Dallas,48113013500,4.9,"( 4.2,  5.7)"
TX,Dallas,48113013605,4.7,"( 4.1,  5.5)"
TX,Dallas,48113013606,5.3,"( 4.5,  6.1)"
TX,Dallas,48113013607,5.1,"( 4.4,  5.8)"
TX,Dallas,48113013608,6.3,"( 5.5,  7.2)"
TX,Dallas,48113013609,4.6,"( 4.1,  5.3)"
TX,Dallas,48113013610,5.0,"( 4.4,  5.7)"
TX,Dallas,48113013611,6.6,"( 5.7,  7.6)"
TX,Dallas,48113013615,4.1,"( 3.7,  4.6)"
TX,Dallas,48113013617,4.8,"( 4.2,  5.5)"
TX,Dallas,48113013618,4.8,"( 4.2,  5.5)"
TX,Dallas,48113013619,5.2,"( 4.5,  6.1)"
TX,Dallas,48113013620,4.5,"( 3.9,  5.3)"
TX,Dallas,48113013621,3.9,"( 3.4,  4.4)"
TX,Dallas,48113013622,4.9,"( 4.3,  5.6)"
TX,Dallas,48113013624,2.4,"( 2.1,  2.7)"
TX,Dallas,48113013625,2.7,"( 2.3,  3.0)"
TX,Dallas,48113013626,3.3,"( 2.9,  3.8)"
TX,Dallas,48113013627,3.4,"( 3.0,  3.8)"
TX,Dallas,48113013628,2.6,"( 2.3,  2.9)"
TX,Dallas,48113013629,4.6,"( 4.1,  5.2)"
TX,Dallas,48113013630,3.0,"( 2.6,  3.4)"
TX,Dallas,48113013631,4.4,"( 3.9,  5.0)"
TX,Dallas,48113013715,4.9,"( 4.3,  5.5)"
TX,Dallas,48113013716,5.1,"( 4.5,  5.9)"
TX,Dallas,48113013717,5.8,"( 5.2,  6.4)"
TX,Dallas,48113013718,4.7,"( 4.2,  5.2)"
TX,Dallas,48113013719,6.6,"( 5.9,  7.4)"
TX,Dallas,48113013720,4.8,"( 4.3,  5.4)"
TX,Dallas,48113013721,5.6,"( 4.9,  6.2)"
TX,Dallas,48113013722,3.7,"( 3.3,  4.2)"
TX,Dallas,48113013725,4.0,"( 3.5,  4.5)"
TX,Dallas,48113013726,5.4,"( 4.7,  6.2)"
TX,Dallas,48113013727,4.0,"( 3.5,  4.5)"
TX,Dallas,48113013728,5.4,"( 4.8,  6.1)"
TX,Dallas,48113013729,4.5,"( 4.0,  5.1)"
TX,Dallas,48113013804,5.7,"( 5.0,  6.4)"
TX,Dallas,48113013805,2.2,"( 1.9,  2.4)"
TX,Dallas,48113013806,2.6,"( 2.4,  3.0)"
TX,Dallas,48113013807,5.7,"( 4.9,  6.6)"
TX,Dallas,48113013808,6.1,"( 5.2,  7.0)"
TX,Dallas,48113013901,6.2,"( 5.4,  7.0)"
TX,Dallas,48113013902,6.5,"( 5.6,  7.5)"
TX,Dallas,48113014001,5.9,"( 5.1,  6.7)"
TX,Dallas,48113014002,2.0,"( 1.8,  2.3)"
TX,Dallas,48113014119,4.3,"( 3.7,  5.0)"
TX,Dallas,48113014120,4.4,"( 3.8,  5.1)"
TX,Dallas,48113014121,4.4,"( 3.8,  5.0)"
TX,Dallas,48113014123,3.8,"( 3.3,  4.4)"
TX,Dallas,48113014124,4.3,"( 3.8,  4.9)"
TX,Dallas,48113014126,3.9,"( 3.3,  4.4)"
TX,Dallas,48113014128,2.9,"( 2.6,  3.3)"
TX,Dallas,48113014130,2.6,"( 2.3,  2.9)"
TX,Dallas,48113014132,3.9,"( 3.5,  4.5)"
TX,Dallas,48113014134,3.5,"( 3.1,  4.0)"
TX,Dallas,48113014135,3.4,"( 3.0,  3.8)"
TX,Dallas,48113014138,2.1,"( 1.9,  2.4)"
TX,Dallas,48113014139,3.0,"( 2.7,  3.4)"
TX,Dallas,48113014140,3.0,"( 2.7,  3.4)"
TX,Dallas,48113014141,2.2,"( 2.0,  2.5)"
TX,Dallas,48113014142,3.5,"( 3.1,  3.9)"
TX,Dallas,48113014143,2.4,"( 2.1,  2.7)"
TX,Dallas,48113014144,2.0,"( 1.8,  2.3)"
TX,Dallas,48113014145,3.1,"( 2.7,  3.4)"
TX,Dallas,48113014146,3.0,"( 2.6,  3.4)"
TX,Dallas,48113014147,3.3,"( 2.8,  3.7)"
TX,Dallas,48113014148,3.9,"( 3.4,  4.4)"
TX,Dallas,48113014149,2.3,"( 2.0,  2.6)"
TX,Dallas,48113014150,2.2,"( 1.9,  2.6)"
TX,Dallas,48113014151,1.7,"( 1.5,  1.9)"
TX,Dallas,48113014152,2.1,"( 1.8,  2.3)"
TX,Dallas,48113014153,4.8,"( 4.3,  5.5)"
TX,Dallas,48113014154,4.5,"( 3.9,  5.1)"
TX,Dallas,48113014155,2.1,"( 1.8,  2.4)"
TX,Dallas,48113014156,2.5,"( 2.2,  3.0)"
TX,Dallas,48113014157,1.5,"( 1.4,  1.7)"
TX,Dallas,48113014158,2.7,"( 2.4,  3.1)"
TX,Dallas,48113014159,1.7,"( 1.5,  2.1)"
TX,Dallas,48113014160,3.5,"( 3.1,  4.0)"
TX,Dallas,48113014161,2.9,"( 2.5,  3.3)"
TX,Dallas,48113014203,5.2,"( 4.5,  5.9)"
TX,Dallas,48113014204,2.8,"( 2.5,  3.2)"
TX,Dallas,48113014205,5.0,"( 4.4,  5.8)"
TX,Dallas,48113014207,1.9,"( 1.6,  2.1)"
TX,Dallas,48113014208,2.5,"( 2.2,  2.8)"
TX,Dallas,48113014209,1.6,"( 1.4,  1.8)"
TX,Dallas,48113014306,6.0,"( 5.4,  6.7)"
TX,Dallas,48113014308,3.7,"( 3.2,  4.1)"
TX,Dallas,48113014309,4.1,"( 3.7,  4.6)"
TX,Dallas,48113014310,5.0,"( 4.5,  5.6)"
TX,Dallas,48113014313,2.7,"( 2.4,  3.1)"
TX,Dallas,48113014314,3.8,"( 3.3,  4.3)"
TX,Dallas,48113014315,5.9,"( 5.1,  6.7)"
TX,Dallas,48113014316,6.0,"( 5.2,  6.8)"
TX,Dallas,48113014317,4.1,"( 3.5,  4.6)"
TX,Dallas,48113014318,5.8,"( 5.1,  6.7)"
TX,Dallas,48113014319,1.7,"( 1.5,  1.9)"
TX,Dallas,48113014320,1.8,"( 1.5,  2.0)"
TX,Dallas,48113014405,6.5,"( 5.7,  7.3)"
TX,Dallas,48113014406,6.3,"( 5.6,  7.1)"
TX,Dallas,48113014407,4.9,"( 4.4,  5.5)"
TX,Dallas,48113014408,5.0,"( 4.5,  5.7)"
TX,Dallas,48113014409,4.8,"( 4.3,  5.4)"
TX,Dallas,48113014410,4.9,"( 4.4,  5.6)"
TX,Dallas,48113014501,6.2,"( 5.4,  7.0)"
TX,Dallas,48113014502,6.0,"( 5.2,  6.8)"
TX,Dallas,48113014601,6.2,"( 5.5,  6.9)"
TX,Dallas,48113014602,5.8,"( 5.1,  6.5)"
TX,Dallas,48113014603,5.8,"( 5.2,  6.5)"
TX,Dallas,48113014701,5.1,"( 4.5,  5.8)"
TX,Dallas,48113014704,5.8,"( 5.2,  6.5)"
TX,Dallas,48113014903,5.5,"( 4.8,  6.2)"
TX,Dallas,48113015001,4.5,"( 4.0,  5.1)"
TX,Dallas,48113015002,5.6,"( 4.9,  6.3)"
TX,Dallas,48113015101,7.8,"( 6.9,  8.7)"
TX,Dallas,48113015102,6.7,"( 5.9,  7.5)"
TX,Dallas,48113015202,4.3,"( 3.8,  4.9)"
TX,Dallas,48113015205,5.7,"( 5.1,  6.4)"
TX,Dallas,48113015206,5.4,"( 4.7,  6.1)"
TX,Dallas,48113015207,6.2,"( 5.4,  7.0)"
TX,Dallas,48113015208,7.5,"( 6.6,  8.3)"
TX,Dallas,48113015303,5.7,"( 5.0,  6.4)"
TX,Dallas,48113015304,7.6,"( 6.9,  8.5)"
TX,Dallas,48113015305,5.8,"( 5.2,  6.5)"
TX,Dallas,48113015306,5.3,"( 4.8,  6.0)"
TX,Dallas,48113015403,4.4,"( 3.9,  5.0)"
TX,Dallas,48113015404,5.7,"( 5.0,  6.3)"
TX,Dallas,48113015405,5.6,"( 5.0,  6.3)"
TX,Dallas,48113015406,6.0,"( 5.3,  6.9)"
TX,Dallas,48113015500,6.2,"( 5.5,  7.0)"
TX,Dallas,48113015600,7.0,"( 6.2,  7.8)"
TX,Dallas,48113015700,5.9,"( 5.2,  6.7)"
TX,Dallas,48113015900,5.8,"( 5.2,  6.4)"
TX,Dallas,48113016001,5.6,"( 5.0,  6.3)"
TX,Dallas,48113016002,7.8,"( 7.0,  8.8)"
TX,Dallas,48113016100,7.6,"( 6.9,  8.5)"
TX,Dallas,48113016201,4.6,"( 4.1,  5.1)"
TX,Dallas,48113016203,5.2,"( 4.6,  5.9)"
TX,Dallas,48113016204,8.3,"( 7.4,  9.2)"
TX,Dallas,48113016301,4.5,"( 4.0,  5.1)"
TX,Dallas,48113016302,7.3,"( 6.5,  8.3)"
TX,Dallas,48113016406,4.9,"( 4.3,  5.5)"
TX,Dallas,48113016407,5.9,"( 5.3,  6.6)"
TX,Dallas,48113016409,5.4,"( 4.8,  6.1)"
TX,Dallas,48113016410,4.6,"( 4.0,  5.2)"
TX,Dallas,48113016412,4.5,"( 4.0,  5.1)"
TX,Dallas,48113016414,3.9,"( 3.5,  4.4)"
TX,Dallas,48113016415,5.0,"( 4.4,  5.5)"
TX,Dallas,48113016416,3.9,"( 3.5,  4.4)"
TX,Dallas,48113016417,5.0,"( 4.5,  5.6)"
TX,Dallas,48113016418,4.2,"( 3.7,  4.7)"
TX,Dallas,48113016419,4.8,"( 4.2,  5.4)"
TX,Dallas,48113016420,5.1,"( 4.5,  5.8)"
TX,Dallas,48113016421,7.2,"( 6.3,  8.1)"
TX,Dallas,48113016511,5.3,"( 4.8,  6.0)"
TX,Dallas,48113016513,6.0,"( 5.3,  6.7)"
TX,Dallas,48113016516,6.3,"( 5.6,  7.0)"
TX,Dallas,48113016517,6.4,"( 5.7,  7.2)"
TX,Dallas,48113016518,6.1,"( 5.5,  6.9)"
TX,Dallas,48113016519,8.1,"( 7.1,  9.1)"
TX,Dallas,48113016521,3.0,"( 2.7,  3.3)"
TX,Dallas,48113016522,5.7,"( 5.1,  6.5)"
TX,Dallas,48113016524,5.5,"( 4.8,  6.3)"
TX,Dallas,48113016525,4.7,"( 4.1,  5.2)"
TX,Dallas,48113016526,7.4,"( 6.5,  8.3)"
TX,Dallas,48113016527,3.9,"( 3.4,  4.4)"
TX,Dallas,48113016528,3.6,"( 3.2,  4.1)"
TX,Dallas,48113016529,5.3,"( 4.7,  6.0)"
TX,Dallas,48113016530,5.8,"( 5.1,  6.5)"
TX,Dallas,48113016531,5.0,"( 4.4,  5.6)"
TX,Dallas,48113016532,6.3,"( 5.5,  7.1)"
TX,Dallas,48113016533,4.7,"( 4.2,  5.3)"
TX,Dallas,48113016534,5.2,"( 4.6,  5.8)"
TX,Dallas,48113016535,5.6,"( 4.9,  6.4)"
TX,Dallas,48113016536,6.7,"( 6.0,  7.5)"
TX,Dallas,48113016607,6.4,"( 5.6,  7.3)"
TX,Dallas,48113016610,6.0,"( 5.3,  6.8)"
TX,Dallas,48113016615,4.9,"( 4.3,  5.5)"
TX,Dallas,48113016616,4.1,"( 3.6,  4.6)"
TX,Dallas,48113016617,6.5,"( 5.7,  7.4)"
TX,Dallas,48113016618,6.4,"( 5.7,  7.2)"
TX,Dallas,48113016619,6.5,"( 5.8,  7.3)"
TX,Dallas,48113016620,5.9,"( 5.2,  6.7)"
TX,Dallas,48113016621,4.4,"( 3.9,  5.0)"
TX,Dallas,48113016622,5.4,"( 4.8,  6.1)"
TX,Dallas,48113016623,4.3,"( 3.8,  4.8)"
TX,Dallas,48113016624,4.9,"( 4.3,  5.5)"
TX,Dallas,48113016626,5.4,"( 4.8,  6.0)"
TX,Dallas,48113016627,7.4,"( 6.5,  8.3)"
TX,Dallas,48113016628,4.2,"( 3.7,  4.8)"
TX,Dallas,48113016629,4.7,"( 4.1,  5.3)"
TX,Dallas,48113016630,4.1,"( 3.6,  4.7)"
TX,Dallas,48113016631,5.1,"( 4.4,  5.8)"
TX,Dallas,48113016632,5.4,"( 4.8,  6.1)"
TX,Dallas,48113016633,4.1,"( 3.6,  4.7)"
TX,Dallas,48113016634,5.6,"( 5.0,  6.3)"
TX,Dallas,48113016635,9.9,"( 8.8, 11.0)"
TX,Dallas,48113016636,5.7,"( 5.0,  6.4)"
TX,Dallas,48113016637,4.5,"( 4.0,  5.2)"
TX,Dallas,48113016638,6.4,"( 5.6,  7.2)"
TX,Dallas,48113016704,5.3,"( 4.7,  6.0)"
TX,Dallas,48113016706,6.7,"( 5.9,  7.5)"
TX,Dallas,48113016707,4.4,"( 3.9,  5.0)"
TX,Dallas,48113016708,3.4,"( 2.9,  3.9)"
TX,Dallas,48113016709,7.1,"( 6.3,  7.8)"
TX,Dallas,48113016710,7.1,"( 6.3,  8.1)"
TX,Dallas,48113016711,5.9,"( 5.2,  6.7)"
TX,Dallas,48113016802,4.9,"( 4.3,  5.4)"
TX,Dallas,48113016803,6.3,"( 5.6,  7.1)"
TX,Dallas,48113016805,4.0,"( 3.4,  4.6)"
TX,Dallas,48113016806,4.9,"( 4.3,  5.5)"
TX,Dallas,48113016902,5.6,"( 5.1,  6.2)"
TX,Dallas,48113016903,5.9,"( 5.3,  6.6)"
TX,Dallas,48113017005,5.3,"( 4.8,  5.9)"
TX,Dallas,48113017006,7.4,"( 6.6,  8.3)"
TX,Dallas,48113017007,6.8,"( 6.1,  7.7)"
TX,Dallas,48113017008,4.6,"( 4.1,  5.2)"
TX,Dallas,48113017009,4.9,"( 4.3,  5.5)"
TX,Dallas,48113017010,4.6,"( 4.1,  5.2)"
TX,Dallas,48113017101,6.4,"( 5.7,  7.2)"
TX,Dallas,48113017102,5.5,"( 4.9,  6.1)"
TX,Dallas,48113017201,5.5,"( 4.9,  6.2)"
TX,Dallas,48113017203,3.9,"( 3.4,  4.3)"
TX,Dallas,48113017204,5.4,"( 4.8,  6.1)"
TX,Dallas,48113017307,5.9,"( 5.3,  6.6)"
TX,Dallas,48113017308,5.3,"( 4.7,  6.0)"
TX,Dallas,48113017309,3.5,"( 3.1,  4.0)"
TX,Dallas,48113017310,5.1,"( 4.5,  5.7)"
TX,Dallas,48113017311,5.6,"( 5.0,  6.4)"
TX,Dallas,48113017312,5.2,"( 4.6,  5.8)"
TX,Dallas,48113017313,3.6,"( 3.2,  4.1)"
TX,Dallas,48113017314,5.2,"( 4.6,  5.8)"
TX,Dallas,48113017315,3.8,"( 3.4,  4.2)"
TX,Dallas,48113017400,5.7,"( 5.0,  6.4)"
TX,Dallas,48113017500,5.6,"( 4.9,  6.3)"
TX,Dallas,48113017602,6.0,"( 5.4,  6.7)"
TX,Dallas,48113017604,5.3,"( 4.7,  6.0)"
TX,Dallas,48113017605,5.1,"( 4.5,  5.7)"
TX,Dallas,48113017606,5.1,"( 4.6,  5.7)"
TX,Dallas,48113017703,6.1,"( 5.5,  6.8)"
TX,Dallas,48113017704,5.6,"( 4.9,  6.2)"
TX,Dallas,48113017705,5.5,"( 4.9,  6.2)"
TX,Dallas,48113017706,5.3,"( 4.6,  5.9)"
TX,Dallas,48113017805,5.1,"( 4.5,  5.7)"
TX,Dallas,48113017806,6.1,"( 5.4,  6.9)"
TX,Dallas,48113017808,5.4,"( 4.8,  6.2)"
TX,Dallas,48113017811,6.0,"( 5.2,  6.8)"
TX,Dallas,48113017812,5.5,"( 4.8,  6.2)"
TX,Dallas,48113017814,5.3,"( 4.7,  5.9)"
TX,Dallas,48113017815,5.9,"( 5.1,  6.7)"
TX,Dallas,48113017816,5.6,"( 4.9,  6.3)"
TX,Dallas,48113017817,3.8,"( 3.4,  4.2)"
TX,Dallas,48113017818,5.0,"( 4.5,  5.7)"
TX,Dallas,48113017819,4.6,"( 4.1,  5.2)"
TX,Dallas,48113017820,5.7,"( 5.1,  6.4)"
TX,Dallas,48113017900,7.4,"( 6.6,  8.3)"
TX,Dallas,48113018001,6.0,"( 5.4,  6.8)"
TX,Dallas,48113018002,5.5,"( 4.9,  6.2)"
TX,Dallas,48113018105,5.7,"( 5.0,  6.4)"
TX,Dallas,48113018110,7.8,"( 6.7,  9.0)"
TX,Dallas,48113018111,6.4,"( 5.8,  7.2)"
TX,Dallas,48113018120,4.4,"( 3.9,  5.0)"
TX,Dallas,48113018121,5.5,"( 4.9,  6.2)"
TX,Dallas,48113018126,5.4,"( 4.8,  6.0)"
TX,Dallas,48113018127,6.3,"( 5.7,  7.1)"
TX,Dallas,48113018128,4.4,"( 3.9,  4.9)"
TX,Dallas,48113018129,7.8,"( 6.8,  8.8)"
TX,Dallas,48113018130,5.7,"( 5.1,  6.4)"
TX,Dallas,48113018132,6.2,"( 5.5,  7.0)"
TX,Dallas,48113018133,5.0,"( 4.4,  5.7)"
TX,Dallas,48113018134,4.8,"( 4.2,  5.6)"
TX,Dallas,48113018135,4.0,"( 3.6,  4.5)"
TX,Dallas,48113018137,4.8,"( 4.2,  5.4)"
TX,Dallas,48113018138,4.4,"( 4.0,  4.9)"
TX,Dallas,48113018140,5.0,"( 4.4,  5.7)"
TX,Dallas,48113018141,4.5,"( 4.0,  5.0)"
TX,Dallas,48113018142,4.6,"( 4.1,  5.3)"
TX,Dallas,48113018143,3.8,"( 3.4,  4.3)"
TX,Dallas,48113018144,3.7,"( 3.3,  4.2)"
TX,Dallas,48113018145,6.0,"( 5.3,  6.9)"
TX,Dallas,48113018146,5.8,"( 5.1,  6.7)"
TX,Dallas,48113018147,6.1,"( 5.4,  6.9)"
TX,Dallas,48113018148,6.1,"( 5.4,  6.8)"
TX,Dallas,48113018149,4.6,"( 4.0,  5.2)"
TX,Dallas,48113018150,4.2,"( 3.8,  4.8)"
TX,Dallas,48113018151,3.6,"( 3.2,  4.0)"
TX,Dallas,48113018152,5.1,"( 4.5,  5.7)"
TX,Dallas,48113018153,4.1,"( 3.6,  4.6)"
TX,Dallas,48113018154,4.4,"( 3.9,  5.1)"
TX,Dallas,48113018155,4.9,"( 4.4,  5.5)"
TX,Dallas,48113018156,4.6,"( 4.0,  5.2)"
TX,Dallas,48113018157,4.4,"( 3.9,  5.0)"
TX,Dallas,48113018158,4.7,"( 4.2,  5.2)"
TX,Dallas,48113018159,4.4,"( 3.8,  5.0)"
TX,Dallas,48113018203,4.8,"( 4.3,  5.4)"
TX,Dallas,48113018204,6.5,"( 5.8,  7.2)"
TX,Dallas,48113018205,5.7,"( 5.1,  6.4)"
TX,Dallas,48113018206,6.2,"( 5.6,  7.0)"
TX,Dallas,48113018300,5.7,"( 5.1,  6.4)"
TX,Dallas,48113018401,5.5,"( 4.9,  6.2)"
TX,Dallas,48113018402,8.2,"( 7.2,  9.3)"
TX,Dallas,48113018403,5.1,"( 4.5,  5.7)"
TX,Dallas,48113018501,5.8,"( 5.2,  6.6)"
TX,Dallas,48113018505,4.2,"( 3.8,  4.7)"
TX,Dallas,48113018506,4.1,"( 3.6,  4.7)"
TX,Dallas,48113018507,4.4,"( 3.8,  5.0)"
TX,Dallas,48113018508,5.2,"( 4.6,  6.0)"
TX,Dallas,48113018600,5.5,"( 4.8,  6.2)"
TX,Dallas,48113018700,6.0,"( 5.3,  6.8)"
TX,Dallas,48113018801,5.9,"( 5.2,  6.6)"
TX,Dallas,48113018802,5.3,"( 4.7,  5.9)"
TX,Dallas,48113018900,6.6,"( 5.9,  7.4)"
TX,Dallas,48113019013,7.0,"( 6.2,  7.8)"
TX,Dallas,48113019016,4.7,"( 4.2,  5.3)"
TX,Dallas,48113019018,5.8,"( 5.2,  6.5)"
TX,Dallas,48113019019,5.7,"( 5.1,  6.4)"
TX,Dallas,48113019020,5.7,"( 5.0,  6.5)"
TX,Dallas,48113019023,4.8,"( 4.2,  5.5)"
TX,Dallas,48113019024,6.4,"( 5.6,  7.2)"
TX,Dallas,48113019025,6.0,"( 5.2,  6.8)"
TX,Dallas,48113019026,6.5,"( 5.6,  7.4)"
TX,Dallas,48113019027,4.9,"( 4.4,  5.5)"
TX,Dallas,48113019028,4.6,"( 4.1,  5.2)"
TX,Dallas,48113019029,5.1,"( 4.6,  5.7)"
TX,Dallas,48113019031,5.5,"( 4.9,  6.4)"
TX,Dallas,48113019032,6.1,"( 5.4,  6.9)"
TX,Dallas,48113019033,5.0,"( 4.4,  5.6)"
TX,Dallas,48113019034,5.9,"( 5.3,  6.7)"
TX,Dallas,48113019035,5.4,"( 4.9,  6.1)"
TX,Dallas,48113019036,6.1,"( 5.4,  7.0)"
TX,Dallas,48113019037,5.8,"( 5.1,  6.6)"
TX,Dallas,48113019039,6.2,"( 5.4,  7.1)"
TX,Dallas,48113019040,4.1,"( 3.6,  4.6)"
TX,Dallas,48113019041,6.6,"( 5.6,  7.6)"
TX,Dallas,48113019042,3.8,"( 3.4,  4.3)"
TX,Dallas,48113019044,6.5,"( 5.7,  7.2)"
TX,Dallas,48113019045,5.9,"( 5.3,  6.6)"
TX,Dallas,48113019046,6.4,"( 5.7,  7.2)"
TX,Dallas,48113019047,4.6,"( 4.1,  5.3)"
TX,Dallas,48113019048,5.3,"( 4.7,  6.0)"
TX,Dallas,48113019049,5.3,"( 4.7,  5.9)"
TX,Dallas,48113019050,5.6,"( 4.8,  6.4)"
TX,Dallas,48113019051,5.1,"( 4.6,  5.9)"
TX,Dallas,48113019052,2.7,"( 2.4,  3.1)"
TX,Dallas,48113019053,1.6,"( 1.4,  1.8)"
TX,Dallas,48113019101,2.7,"( 2.4,  3.0)"
TX,Dallas,48113019102,5.3,"( 4.7,  6.0)"
TX,Dallas,48113019202,5.1,"( 4.5,  5.9)"
TX,Dallas,48113019203,5.1,"( 4.4,  6.1)"
TX,Dallas,48113019205,4.6,"( 4.0,  5.2)"
TX,Dallas,48113019208,4.5,"( 4.0,  5.0)"
TX,Dallas,48113019210,4.8,"( 4.2,  5.5)"
TX,Dallas,48113019211,5.8,"( 5.1,  6.6)"
TX,Dallas,48113019212,4.7,"( 4.1,  5.4)"
TX,Dallas,48113019213,8.1,"( 7.2,  9.1)"
TX,Dallas,48113019214,4.6,"( 4.1,  5.2)"
TX,Dallas,48113019215,4.4,"( 3.9,  5.0)"
TX,Dallas,48113019216,6.5,"( 5.5,  7.6)"
TX,Dallas,48113019301,3.9,"( 3.3,  4.6)"
TX,Dallas,48113019302,1.9,"( 1.6,  2.1)"
TX,Dallas,48113019400,4.2,"( 3.7,  4.8)"
TX,Dallas,48113019501,3.9,"( 3.4,  4.5)"
TX,Dallas,48113019502,4.1,"( 3.7,  4.7)"
TX,Dallas,48113019600,5.2,"( 4.5,  5.8)"
TX,Dallas,48113019700,5.5,"( 4.7,  6.3)"
TX,Dallas,48113019800,5.3,"( 4.7,  6.1)"
TX,Dallas,48113019900,5.4,"( 4.7,  6.2)"
TX,Dallas,48113020000,2.9,"( 2.6,  3.4)"
TX,Dallas,48113020100,5.5,"( 4.9,  6.2)"
TX,Dallas,48113020200,8.9,"( 8.0,  9.9)"
TX,Dallas,48113020300,8.0,"( 7.0,  9.1)"
TX,Dallas,48113020401,3.9,"( 3.5,  4.5)"
TX,Dallas,48113020402,2.8,"( 2.5,  3.2)"
TX,Dallas,48113020500,7.0,"( 6.3,  7.8)"
TX,Dallas,48113020600,5.7,"( 5.0,  6.6)"
TX,Dallas,48113020700,5.9,"( 5.2,  6.8)"
TX,Dallas,48113020800,7.7,"( 6.9,  8.7)"
TX,Dallas,48113020900,8.4,"( 7.4,  9.6)"
TX,Dallas,48113021000,8.3,"( 7.5,  9.3)"
TX,Dallas,48113021100,8.5,"( 7.5,  9.5)"
TX,Dallas,48113021200,5.2,"( 4.6,  5.8)"
TX,Dallas,48113980200,1.5,"( 1.3,  1.8)"
